regime,candidate,n_iterations,n_dev_samples,fit_seconds,sel_objective,m2_pcc_per_sample,resid_pcc_vs_mu_ctx,resid_pcc_vs_mu_drug,m2_pcc_pooled,param_num_leaves,param_learning_rate,param_min_data_in_leaf,param_feature_fraction,param_bagging_fraction,param_bagging_freq,param_lambda_l2,param_objective,param_max_depth,param_alpha
full,base,50,207,11.8,0.513132,0.523473,0.387284,0.473535,0.645851,63,0.06,200,0.8,0.8,1,1.0,regression,-1,
full,base,100,207,11.8,0.524503,0.534001,0.406489,0.490549,0.655338,63,0.06,200,0.8,0.8,1,1.0,regression,-1,
full,base,200,207,11.8,0.530069,0.539309,0.41403,0.498278,0.660861,63,0.06,200,0.8,0.8,1,1.0,regression,-1,
full,base,350,207,11.8,0.532305,0.541451,0.416974,0.501297,0.662595,63,0.06,200,0.8,0.8,1,1.0,regression,-1,
full,base,500,207,11.8,0.532992,0.542086,0.417928,0.502551,0.663,63,0.06,200,0.8,0.8,1,1.0,regression,-1,
full,shallow,50,207,9.1,0.51285,0.522976,0.389298,0.474399,0.645594,31,0.08,200,0.8,0.8,1,1.0,regression,-1,
full,shallow,100,207,9.1,0.523829,0.533282,0.406866,0.48954,0.65496,31,0.08,200,0.8,0.8,1,1.0,regression,-1,
full,shallow,200,207,9.1,0.528337,0.537612,0.412636,0.495628,0.657867,31,0.08,200,0.8,0.8,1,1.0,regression,-1,
full,shallow,350,207,9.1,0.531166,0.540349,0.415872,0.499534,0.658912,31,0.08,200,0.8,0.8,1,1.0,regression,-1,
full,shallow,500,207,9.1,0.532116,0.541255,0.416884,0.501131,0.659328,31,0.08,200,0.8,0.8,1,1.0,regression,-1,
full,deep,50,207,16.6,0.51723,0.527304,0.393678,0.479606,0.644853,127,0.06,400,0.8,0.8,1,1.0,regression,-1,
full,deep,100,207,16.6,0.526833,0.536222,0.409643,0.493797,0.653726,127,0.06,400,0.8,0.8,1,1.0,regression,-1,
full,deep,200,207,16.6,0.530863,0.540026,0.415268,0.499862,0.658015,127,0.06,400,0.8,0.8,1,1.0,regression,-1,
full,deep,350,207,16.6,0.532078,0.541158,0.416942,0.50194,0.659202,127,0.06,400,0.8,0.8,1,1.0,regression,-1,
full,deep,500,207,16.6,0.531989,0.541046,0.416823,0.502241,0.66004,127,0.06,400,0.8,0.8,1,1.0,regression,-1,
full,deep_slow,50,207,17.6,0.508122,0.5211,0.354676,0.453905,0.645272,127,0.03,400,0.8,0.8,1,1.0,regression,-1,
full,deep_slow,100,207,17.6,0.518203,0.52829,0.394329,0.480694,0.649424,127,0.03,400,0.8,0.8,1,1.0,regression,-1,
full,deep_slow,200,207,17.6,0.527955,0.537299,0.411052,0.495341,0.658172,127,0.03,400,0.8,0.8,1,1.0,regression,-1,
full,deep_slow,350,207,17.6,0.532503,0.541636,0.417077,0.501801,0.661917,127,0.03,400,0.8,0.8,1,1.0,regression,-1,
full,deep_slow,500,207,17.6,0.533899,0.542975,0.418775,0.503818,0.662863,127,0.03,400,0.8,0.8,1,1.0,regression,-1,
full,strong_l2,50,207,12.0,0.51261,0.522951,0.386655,0.473108,0.645105,63,0.06,200,0.8,0.8,1,20.0,regression,-1,
full,strong_l2,100,207,12.0,0.524124,0.533621,0.406162,0.490137,0.656468,63,0.06,200,0.8,0.8,1,20.0,regression,-1,
full,strong_l2,200,207,12.0,0.529258,0.538484,0.413232,0.497666,0.66168,63,0.06,200,0.8,0.8,1,20.0,regression,-1,
full,strong_l2,350,207,12.0,0.531199,0.540347,0.415421,0.500607,0.662088,63,0.06,200,0.8,0.8,1,20.0,regression,-1,
full,strong_l2,500,207,12.0,0.531761,0.540859,0.416395,0.501576,0.663127,63,0.06,200,0.8,0.8,1,20.0,regression,-1,
full,low_ff,50,207,10.4,0.513022,0.523557,0.384829,0.472657,0.645127,63,0.06,200,0.55,0.8,1,1.0,regression,-1,
full,low_ff,100,207,10.4,0.524756,0.534267,0.406775,0.490563,0.654789,63,0.06,200,0.55,0.8,1,1.0,regression,-1,
full,low_ff,200,207,10.4,0.531518,0.540653,0.416908,0.499972,0.662475,63,0.06,200,0.55,0.8,1,1.0,regression,-1,
full,low_ff,350,207,10.4,0.53452,0.543552,0.420349,0.504178,0.664598,63,0.06,200,0.55,0.8,1,1.0,regression,-1,
full,low_ff,500,207,10.4,0.535907,0.544872,0.422253,0.506131,0.666025,63,0.06,200,0.55,0.8,1,1.0,regression,-1,
full,huber,50,207,12.2,0.51105,0.521878,0.380375,0.46848,0.639918,63,0.06,200,0.8,0.8,1,1.0,huber,-1,1.0
full,huber,100,207,12.2,0.52288,0.532462,0.40398,0.488475,0.65477,63,0.06,200,0.8,0.8,1,1.0,huber,-1,1.0
full,huber,200,207,12.2,0.529579,0.538752,0.41446,0.497924,0.661269,63,0.06,200,0.8,0.8,1,1.0,huber,-1,1.0
full,huber,350,207,12.2,0.532632,0.541698,0.418201,0.502007,0.662351,63,0.06,200,0.8,0.8,1,1.0,huber,-1,1.0
full,huber,500,207,12.2,0.533945,0.54293,0.420217,0.503908,0.663547,63,0.06,200,0.8,0.8,1,1.0,huber,-1,1.0
full,deep_huber,50,207,16.4,0.515701,0.526145,0.388657,0.47563,0.641734,127,0.06,400,0.8,0.8,1,1.0,huber,-1,1.0
full,deep_huber,100,207,16.4,0.52577,0.535205,0.408063,0.492519,0.65701,127,0.06,400,0.8,0.8,1,1.0,huber,-1,1.0
full,deep_huber,200,207,16.4,0.530646,0.539767,0.415568,0.499782,0.661252,127,0.06,400,0.8,0.8,1,1.0,huber,-1,1.0
full,deep_huber,350,207,16.4,0.533097,0.542089,0.418889,0.503429,0.663384,127,0.06,400,0.8,0.8,1,1.0,huber,-1,1.0
full,deep_huber,500,207,16.4,0.533469,0.542411,0.419578,0.504302,0.664021,127,0.06,400,0.8,0.8,1,1.0,huber,-1,1.0
chem_novel,base,50,400,10.7,0.408122,0.427816,0.383505,0.423029,0.375283,63,0.06,200,0.8,0.8,1,1.0,regression,-1,
chem_novel,base,100,400,10.7,0.418123,0.43531,0.396639,0.430402,0.373329,63,0.06,200,0.8,0.8,1,1.0,regression,-1,
chem_novel,base,200,400,10.7,0.422121,0.439427,0.400488,0.433841,0.374429,63,0.06,200,0.8,0.8,1,1.0,regression,-1,
chem_novel,base,350,400,10.7,0.422876,0.440656,0.400651,0.434707,0.374314,63,0.06,200,0.8,0.8,1,1.0,regression,-1,
chem_novel,base,500,400,10.7,0.422189,0.440275,0.399582,0.434179,0.373322,63,0.06,200,0.8,0.8,1,1.0,regression,-1,
chem_novel,shallow,50,400,8.2,0.407582,0.426853,0.383493,0.422278,0.383236,31,0.08,200,0.8,0.8,1,1.0,regression,-1,
chem_novel,shallow,100,400,8.2,0.414701,0.43223,0.392789,0.427517,0.382249,31,0.08,200,0.8,0.8,1,1.0,regression,-1,
chem_novel,shallow,200,400,8.2,0.419337,0.436699,0.397635,0.431545,0.386841,31,0.08,200,0.8,0.8,1,1.0,regression,-1,
chem_novel,shallow,350,400,8.2,0.420273,0.438642,0.397311,0.432767,0.385103,31,0.08,200,0.8,0.8,1,1.0,regression,-1,
chem_novel,shallow,500,400,8.2,0.421457,0.440071,0.39819,0.433994,0.383253,31,0.08,200,0.8,0.8,1,1.0,regression,-1,
chem_novel,deep,50,400,14.8,0.413426,0.43317,0.388744,0.427754,0.378835,127,0.06,400,0.8,0.8,1,1.0,regression,-1,
chem_novel,deep,100,400,14.8,0.422666,0.440866,0.399917,0.434822,0.379538,127,0.06,400,0.8,0.8,1,1.0,regression,-1,
chem_novel,deep,200,400,14.8,0.423846,0.442877,0.400057,0.436032,0.379857,127,0.06,400,0.8,0.8,1,1.0,regression,-1,
chem_novel,deep,350,400,14.8,0.42337,0.442538,0.399409,0.435481,0.377759,127,0.06,400,0.8,0.8,1,1.0,regression,-1,
chem_novel,deep,500,400,14.8,0.421885,0.440712,0.39835,0.433803,0.376267,127,0.06,400,0.8,0.8,1,1.0,regression,-1,
chem_novel,deep_slow,50,400,15.7,0.392302,0.426176,0.349958,0.41615,0.378419,127,0.03,400,0.8,0.8,1,1.0,regression,-1,
chem_novel,deep_slow,100,400,15.7,0.414707,0.434675,0.389748,0.42961,0.380294,127,0.03,400,0.8,0.8,1,1.0,regression,-1,
chem_novel,deep_slow,200,400,15.7,0.424077,0.442152,0.401484,0.436613,0.379681,127,0.03,400,0.8,0.8,1,1.0,regression,-1,
chem_novel,deep_slow,350,400,15.7,0.425375,0.444062,0.402016,0.437889,0.378578,127,0.03,400,0.8,0.8,1,1.0,regression,-1,
chem_novel,deep_slow,500,400,15.7,0.425399,0.444431,0.40161,0.438069,0.3781,127,0.03,400,0.8,0.8,1,1.0,regression,-1,
chem_novel,strong_l2,50,400,10.7,0.407436,0.428082,0.381627,0.422798,0.376955,63,0.06,200,0.8,0.8,1,20.0,regression,-1,
chem_novel,strong_l2,100,400,10.7,0.417357,0.435049,0.395242,0.429643,0.37539,63,0.06,200,0.8,0.8,1,20.0,regression,-1,
chem_novel,strong_l2,200,400,10.7,0.419908,0.438182,0.397065,0.432125,0.374117,63,0.06,200,0.8,0.8,1,20.0,regression,-1,
chem_novel,strong_l2,350,400,10.7,0.421184,0.44011,0.397527,0.43342,0.373477,63,0.06,200,0.8,0.8,1,20.0,regression,-1,
chem_novel,strong_l2,500,400,10.7,0.421381,0.440801,0.397107,0.433773,0.372626,63,0.06,200,0.8,0.8,1,20.0,regression,-1,
chem_novel,low_ff,50,400,9.5,0.410724,0.431181,0.385154,0.427941,0.396888,63,0.06,200,0.55,0.8,1,1.0,regression,-1,
chem_novel,low_ff,100,400,9.5,0.420823,0.438513,0.39871,0.434461,0.385464,63,0.06,200,0.55,0.8,1,1.0,regression,-1,
chem_novel,low_ff,200,400,9.5,0.425724,0.443838,0.403081,0.438697,0.378457,63,0.06,200,0.55,0.8,1,1.0,regression,-1,
chem_novel,low_ff,350,400,9.5,0.427144,0.445814,0.403807,0.440143,0.379321,63,0.06,200,0.55,0.8,1,1.0,regression,-1,
chem_novel,low_ff,500,400,9.5,0.427792,0.446393,0.404539,0.440565,0.377597,63,0.06,200,0.55,0.8,1,1.0,regression,-1,
chem_novel,huber,50,400,10.9,0.405497,0.429143,0.37594,0.423065,0.382803,63,0.06,200,0.8,0.8,1,1.0,huber,-1,1.0
chem_novel,huber,100,400,10.9,0.416325,0.436045,0.391675,0.430278,0.383647,63,0.06,200,0.8,0.8,1,1.0,huber,-1,1.0
chem_novel,huber,200,400,10.9,0.419787,0.43929,0.395408,0.432752,0.381496,63,0.06,200,0.8,0.8,1,1.0,huber,-1,1.0
chem_novel,huber,350,400,10.9,0.422371,0.442201,0.397584,0.435185,0.381467,63,0.06,200,0.8,0.8,1,1.0,huber,-1,1.0
chem_novel,huber,500,400,10.9,0.423782,0.443604,0.399005,0.436367,0.38155,63,0.06,200,0.8,0.8,1,1.0,huber,-1,1.0
chem_novel,deep_huber,50,400,15.2,0.408388,0.430875,0.380279,0.424557,0.375665,127,0.06,400,0.8,0.8,1,1.0,huber,-1,1.0
chem_novel,deep_huber,100,400,15.2,0.418466,0.437487,0.39469,0.431285,0.376917,127,0.06,400,0.8,0.8,1,1.0,huber,-1,1.0
chem_novel,deep_huber,200,400,15.2,0.422771,0.441165,0.39978,0.43465,0.378869,127,0.06,400,0.8,0.8,1,1.0,huber,-1,1.0
chem_novel,deep_huber,350,400,15.2,0.422967,0.441458,0.399852,0.434546,0.377374,127,0.06,400,0.8,0.8,1,1.0,huber,-1,1.0
chem_novel,deep_huber,500,400,15.2,0.422682,0.441397,0.399287,0.434309,0.376275,127,0.06,400,0.8,0.8,1,1.0,huber,-1,1.0
strain_novel,base,50,400,10.6,0.129731,0.15404,0.249892,0.099343,0.348457,63,0.06,200,0.8,0.8,1,1.0,regression,-1,
strain_novel,base,100,400,10.6,0.141203,0.167093,0.252756,0.108841,0.357113,63,0.06,200,0.8,0.8,1,1.0,regression,-1,
strain_novel,base,200,400,10.6,0.155848,0.180694,0.266366,0.124791,0.364949,63,0.06,200,0.8,0.8,1,1.0,regression,-1,
strain_novel,base,350,400,10.6,0.161787,0.186262,0.271878,0.131193,0.365284,63,0.06,200,0.8,0.8,1,1.0,regression,-1,
strain_novel,base,500,400,10.6,0.165418,0.189491,0.274329,0.135328,0.3665,63,0.06,200,0.8,0.8,1,1.0,regression,-1,
strain_novel,shallow,50,400,8.2,0.12671,0.153105,0.239559,0.093717,0.344739,31,0.08,200,0.8,0.8,1,1.0,regression,-1,
strain_novel,shallow,100,400,8.2,0.139758,0.166997,0.249749,0.105709,0.35585,31,0.08,200,0.8,0.8,1,1.0,regression,-1,
strain_novel,shallow,200,400,8.2,0.151735,0.178115,0.261007,0.118759,0.361993,31,0.08,200,0.8,0.8,1,1.0,regression,-1,
strain_novel,shallow,350,400,8.2,0.15812,0.183948,0.266865,0.125835,0.364849,31,0.08,200,0.8,0.8,1,1.0,regression,-1,
strain_novel,shallow,500,400,8.2,0.16164,0.187049,0.269527,0.12988,0.366162,31,0.08,200,0.8,0.8,1,1.0,regression,-1,
strain_novel,deep,50,400,15.0,0.134934,0.158088,0.254432,0.105993,0.347072,127,0.06,400,0.8,0.8,1,1.0,regression,-1,
strain_novel,deep,100,400,15.0,0.14462,0.16958,0.25534,0.113419,0.354742,127,0.06,400,0.8,0.8,1,1.0,regression,-1,
strain_novel,deep,200,400,15.0,0.158287,0.182577,0.267727,0.127925,0.360126,127,0.06,400,0.8,0.8,1,1.0,regression,-1,
strain_novel,deep,350,400,15.0,0.164738,0.188542,0.272949,0.134983,0.362158,127,0.06,400,0.8,0.8,1,1.0,regression,-1,
strain_novel,deep,500,400,15.0,0.167966,0.191561,0.275003,0.138473,0.363817,127,0.06,400,0.8,0.8,1,1.0,regression,-1,
strain_novel,deep_slow,50,400,16.3,0.141405,0.155497,0.28735,0.123791,0.344696,127,0.03,400,0.8,0.8,1,1.0,regression,-1,
strain_novel,deep_slow,100,400,16.3,0.135403,0.157948,0.253493,0.107222,0.350872,127,0.03,400,0.8,0.8,1,1.0,regression,-1,
strain_novel,deep_slow,200,400,16.3,0.146669,0.171001,0.256962,0.116253,0.359465,127,0.03,400,0.8,0.8,1,1.0,regression,-1,
strain_novel,deep_slow,350,400,16.3,0.157785,0.181582,0.266883,0.12804,0.362816,127,0.03,400,0.8,0.8,1,1.0,regression,-1,
strain_novel,deep_slow,500,400,16.3,0.162833,0.18646,0.270946,0.133299,0.364001,127,0.03,400,0.8,0.8,1,1.0,regression,-1,
strain_novel,strong_l2,50,400,10.7,0.129683,0.154182,0.248297,0.099058,0.347152,63,0.06,200,0.8,0.8,1,20.0,regression,-1,
strain_novel,strong_l2,100,400,10.7,0.140638,0.166746,0.251188,0.108002,0.355583,63,0.06,200,0.8,0.8,1,20.0,regression,-1,
strain_novel,strong_l2,200,400,10.7,0.154199,0.179341,0.264262,0.122772,0.361507,63,0.06,200,0.8,0.8,1,20.0,regression,-1,
strain_novel,strong_l2,350,400,10.7,0.161013,0.185587,0.270353,0.130296,0.363365,63,0.06,200,0.8,0.8,1,20.0,regression,-1,
strain_novel,strong_l2,500,400,10.7,0.16513,0.189542,0.273472,0.134615,0.365191,63,0.06,200,0.8,0.8,1,20.0,regression,-1,
strain_novel,low_ff,50,400,9.4,0.139731,0.160003,0.260865,0.114392,0.364589,63,0.06,200,0.55,0.8,1,1.0,regression,-1,
strain_novel,low_ff,100,400,9.4,0.142319,0.165497,0.248861,0.113347,0.365223,63,0.06,200,0.55,0.8,1,1.0,regression,-1,
strain_novel,low_ff,200,400,9.4,0.154846,0.17803,0.26076,0.125865,0.372486,63,0.06,200,0.55,0.8,1,1.0,regression,-1,
strain_novel,low_ff,350,400,9.4,0.16223,0.184848,0.267977,0.133957,0.375589,63,0.06,200,0.55,0.8,1,1.0,regression,-1,
strain_novel,low_ff,500,400,9.4,0.166183,0.188363,0.270904,0.138458,0.376252,63,0.06,200,0.55,0.8,1,1.0,regression,-1,
strain_novel,huber,50,400,11.0,0.130002,0.151525,0.254393,0.103097,0.355665,63,0.06,200,0.8,0.8,1,1.0,huber,-1,1.0
strain_novel,huber,100,400,11.0,0.136546,0.161335,0.251462,0.10556,0.370272,63,0.06,200,0.8,0.8,1,1.0,huber,-1,1.0
strain_novel,huber,200,400,11.0,0.150981,0.17533,0.264396,0.120544,0.377005,63,0.06,200,0.8,0.8,1,1.0,huber,-1,1.0
strain_novel,huber,350,400,11.0,0.157685,0.18139,0.270097,0.128052,0.376536,63,0.06,200,0.8,0.8,1,1.0,huber,-1,1.0
strain_novel,huber,500,400,11.0,0.161926,0.185424,0.273319,0.132554,0.378376,63,0.06,200,0.8,0.8,1,1.0,huber,-1,1.0
strain_novel,deep_huber,50,400,15.0,0.134838,0.155637,0.258331,0.108839,0.357947,127,0.06,400,0.8,0.8,1,1.0,huber,-1,1.0
strain_novel,deep_huber,100,400,15.0,0.140115,0.164084,0.25414,0.110153,0.371498,127,0.06,400,0.8,0.8,1,1.0,huber,-1,1.0
strain_novel,deep_huber,200,400,15.0,0.154823,0.178536,0.266315,0.125181,0.378144,127,0.06,400,0.8,0.8,1,1.0,huber,-1,1.0
strain_novel,deep_huber,350,400,15.0,0.162014,0.185302,0.272372,0.132903,0.380084,127,0.06,400,0.8,0.8,1,1.0,huber,-1,1.0
strain_novel,deep_huber,500,400,15.0,0.165767,0.188925,0.274691,0.13682,0.381957,127,0.06,400,0.8,0.8,1,1.0,huber,-1,1.0
both_novel,base,50,400,9.6,0.136834,0.131221,0.224039,0.139445,0.139299,63,0.06,200,0.8,0.8,1,1.0,regression,-1,
both_novel,base,100,400,9.6,0.153596,0.148707,0.231288,0.154125,0.141117,63,0.06,200,0.8,0.8,1,1.0,regression,-1,
both_novel,base,200,400,9.6,0.16078,0.156012,0.236615,0.161225,0.147933,63,0.06,200,0.8,0.8,1,1.0,regression,-1,
both_novel,base,350,400,9.6,0.163507,0.158701,0.238797,0.165097,0.144792,63,0.06,200,0.8,0.8,1,1.0,regression,-1,
both_novel,base,500,400,9.6,0.165669,0.16089,0.24046,0.167334,0.14496,63,0.06,200,0.8,0.8,1,1.0,regression,-1,
both_novel,shallow,50,400,7.4,0.137359,0.131925,0.222567,0.139092,0.141909,31,0.08,200,0.8,0.8,1,1.0,regression,-1,
both_novel,shallow,100,400,7.4,0.154306,0.149357,0.233156,0.154639,0.157024,31,0.08,200,0.8,0.8,1,1.0,regression,-1,
both_novel,shallow,200,400,7.4,0.160084,0.155283,0.236688,0.1603,0.162561,31,0.08,200,0.8,0.8,1,1.0,regression,-1,
both_novel,shallow,350,400,7.4,0.162787,0.157875,0.240076,0.164087,0.162653,31,0.08,200,0.8,0.8,1,1.0,regression,-1,
both_novel,shallow,500,400,7.4,0.162808,0.157736,0.241476,0.165294,0.164114,31,0.08,200,0.8,0.8,1,1.0,regression,-1,
both_novel,deep,50,400,13.3,0.139491,0.133753,0.227677,0.143119,0.145871,127,0.06,400,0.8,0.8,1,1.0,regression,-1,
both_novel,deep,100,400,13.3,0.158218,0.153162,0.237383,0.159948,0.155407,127,0.06,400,0.8,0.8,1,1.0,regression,-1,
both_novel,deep,200,400,13.3,0.162787,0.157835,0.239952,0.164859,0.157694,127,0.06,400,0.8,0.8,1,1.0,regression,-1,
both_novel,deep,350,400,13.3,0.165321,0.160455,0.241146,0.167347,0.157771,127,0.06,400,0.8,0.8,1,1.0,regression,-1,
both_novel,deep,500,400,13.3,0.16583,0.160976,0.24132,0.168007,0.157152,127,0.06,400,0.8,0.8,1,1.0,regression,-1,
both_novel,deep_slow,50,400,14.1,0.135115,0.128533,0.235596,0.139952,0.142547,127,0.03,400,0.8,0.8,1,1.0,regression,-1,
both_novel,deep_slow,100,400,14.1,0.141236,0.135623,0.228161,0.144127,0.142324,127,0.03,400,0.8,0.8,1,1.0,regression,-1,
both_novel,deep_slow,200,400,14.1,0.156608,0.151602,0.235345,0.157961,0.150204,127,0.03,400,0.8,0.8,1,1.0,regression,-1,
both_novel,deep_slow,350,400,14.1,0.162804,0.157834,0.240275,0.164864,0.154353,127,0.03,400,0.8,0.8,1,1.0,regression,-1,
both_novel,deep_slow,500,400,14.1,0.164815,0.159843,0.242084,0.167094,0.154355,127,0.03,400,0.8,0.8,1,1.0,regression,-1,
both_novel,strong_l2,50,400,9.4,0.136025,0.130451,0.222901,0.138332,0.140327,63,0.06,200,0.8,0.8,1,20.0,regression,-1,
both_novel,strong_l2,100,400,9.4,0.153715,0.148873,0.231443,0.153458,0.152901,63,0.06,200,0.8,0.8,1,20.0,regression,-1,
both_novel,strong_l2,200,400,9.4,0.161786,0.157021,0.237763,0.162064,0.159722,63,0.06,200,0.8,0.8,1,20.0,regression,-1,
both_novel,strong_l2,350,400,9.4,0.164057,0.159215,0.240076,0.16551,0.160651,63,0.06,200,0.8,0.8,1,20.0,regression,-1,
both_novel,strong_l2,500,400,9.4,0.165324,0.160444,0.241429,0.167296,0.159887,63,0.06,200,0.8,0.8,1,20.0,regression,-1,
both_novel,low_ff,50,400,8.6,0.148731,0.143321,0.235444,0.14858,0.163732,63,0.06,200,0.55,0.8,1,1.0,regression,-1,
both_novel,low_ff,100,400,8.6,0.158352,0.153446,0.236806,0.158388,0.157967,63,0.06,200,0.55,0.8,1,1.0,regression,-1,
both_novel,low_ff,200,400,8.6,0.163322,0.15827,0.24207,0.165401,0.153537,63,0.06,200,0.55,0.8,1,1.0,regression,-1,
both_novel,low_ff,350,400,8.6,0.167397,0.162356,0.24584,0.169613,0.153595,63,0.06,200,0.55,0.8,1,1.0,regression,-1,
both_novel,low_ff,500,400,8.6,0.168227,0.163247,0.245607,0.170531,0.151802,63,0.06,200,0.55,0.8,1,1.0,regression,-1,
both_novel,huber,50,400,9.7,0.135582,0.129709,0.226564,0.13857,0.145701,63,0.06,200,0.8,0.8,1,1.0,huber,-1,1.0
both_novel,huber,100,400,9.7,0.149096,0.143898,0.231462,0.149882,0.151413,63,0.06,200,0.8,0.8,1,1.0,huber,-1,1.0
both_novel,huber,200,400,9.7,0.157749,0.152709,0.2375,0.158642,0.157252,63,0.06,200,0.8,0.8,1,1.0,huber,-1,1.0
both_novel,huber,350,400,9.7,0.161015,0.155956,0.240388,0.162588,0.157444,63,0.06,200,0.8,0.8,1,1.0,huber,-1,1.0
both_novel,huber,500,400,9.7,0.162968,0.157934,0.241936,0.164556,0.157111,63,0.06,200,0.8,0.8,1,1.0,huber,-1,1.0
both_novel,deep_huber,50,400,13.5,0.137903,0.131823,0.230463,0.142626,0.148247,127,0.06,400,0.8,0.8,1,1.0,huber,-1,1.0
both_novel,deep_huber,100,400,13.5,0.152507,0.147159,0.235582,0.155002,0.153689,127,0.06,400,0.8,0.8,1,1.0,huber,-1,1.0
both_novel,deep_huber,200,400,13.5,0.159305,0.154079,0.240292,0.161938,0.153751,127,0.06,400,0.8,0.8,1,1.0,huber,-1,1.0
both_novel,deep_huber,350,400,13.5,0.163669,0.158502,0.243531,0.166491,0.153263,127,0.06,400,0.8,0.8,1,1.0,huber,-1,1.0
both_novel,deep_huber,500,400,13.5,0.164853,0.159744,0.243814,0.167636,0.150471,127,0.06,400,0.8,0.8,1,1.0,huber,-1,1.0
