model,split,metric,mean,ci_lo,ci_hi,n,vs_benchmark_mean_diff,vs_benchmark_ci_lo,vs_benchmark_ci_hi,vs_benchmark_n_paired,vs_benchmark_p_two_sided
lgb_delta,val_chem_only,fold_change_pcc,0.4389816584558255,0.4314282961293007,0.446637912151696,1065,-0.04759129937113236,-0.05328990782387551,-0.0426347957636077,1065.0,0.001
lgb_delta,val_chem_only,residual_pcc_vs_mu_ctx,0.39958638208331854,0.38944400083096387,0.4096297314257441,1065,-0.05317523158680777,-0.06375683586424523,-0.0442861537865168,1065.0,0.001
lgb_delta,val_chem_only,residual_pcc_vs_mu_drug,0.42760188852383524,0.4186467758528042,0.43601301232003215,1065,-0.06011212866810191,-0.06850971292650103,-0.05334407934011304,1065.0,0.001
lgb_delta,val_chem_only,residual_pcc_vs_batch_aware_mu_ctx,0.18873265739166958,0.17617776477248304,0.19991362399590268,1065,0.18836607327243693,0.17571868681997385,0.1997125585956247,1065.0,0.001
lgb_delta,val_chem_only,abundance_pcc,0.9892860227058153,0.9888859084588926,0.9896624651447258,1065,-0.003992484148595774,-0.004266913758113255,-0.003741981668541205,1065.0,0.001
lgb_delta,val_strain_only,fold_change_pcc,0.27794489322907995,0.2664878526807508,0.2897848967140305,1333,0.00027634802971426695,-0.011003142433405399,0.011774825301680938,1333.0,0.974
lgb_delta,val_strain_only,residual_pcc_vs_mu_ctx,0.31656381684128715,0.3081068094142291,0.32556204638195546,1333,0.021785503246592213,0.011801640779885336,0.031648515166534,1333.0,0.001
lgb_delta,val_strain_only,residual_pcc_vs_mu_drug,0.25287332185213207,0.24172417743521696,0.26309970631593377,1333,-0.047526096359179086,-0.05735928643087121,-0.03788907441035778,1333.0,0.001
lgb_delta,val_strain_only,residual_pcc_vs_batch_aware_mu_ctx,0.36685133486898974,0.3595043390687285,0.3742555643109792,1333,0.05797475314890901,0.04890567791778727,0.06622908551894696,1333.0,0.001
lgb_delta,val_strain_only,abundance_pcc,0.9882901331027217,0.9877653461578824,0.9887675437239399,1333,0.007234304322848983,0.006961477089663905,0.007500732170789531,1333.0,0.001
lgb_delta,val_both,fold_change_pcc,0.16548202701121906,0.14869894583733806,0.18116166461646377,269,-0.07999030322279492,-0.09732380713101985,-0.06315535670762001,269.0,0.001
lgb_delta,val_both,residual_pcc_vs_mu_ctx,0.21743249275200693,0.20348163818495407,0.2323430088524447,269,-0.06334860849495542,-0.08018070594719648,-0.04745459672151041,269.0,0.001
lgb_delta,val_both,residual_pcc_vs_mu_drug,0.17811712703896662,0.16303002500389832,0.1914718549853602,269,-0.08908947374306085,-0.10528500138107146,-0.07427560073241733,269.0,0.001
lgb_delta,val_both,residual_pcc_vs_batch_aware_mu_ctx,0.25686163622789027,0.22981329750709595,0.28194113575811763,269,-0.03803257302126135,-0.06657503094862091,-0.012789930323803069,269.0,0.004
lgb_delta,val_both,abundance_pcc,0.9873614634971369,0.9863661166354994,0.988260006891706,269,0.0039706048843411775,0.003276477457988513,0.004638196880189277,269.0,0.001
lgb_delta,val_time,fold_change_pcc,0.5723072824677824,0.5481055122474352,0.5956228387327225,139,0.0945256354838549,0.07830807349445373,0.11057546256789197,139.0,0.001
lgb_delta,val_time,residual_pcc_vs_mu_ctx,0.5139183841816172,0.4886592027435262,0.5401870831577515,139,0.19045965017023858,0.16215091736306841,0.2213380596117416,139.0,0.001
lgb_delta,val_time,residual_pcc_vs_mu_drug,0.5405178501642839,0.5182655435818349,0.5606820889788933,139,0.09913081113792177,0.07337963610349889,0.12887208292809307,139.0,0.001
lgb_delta,val_time,residual_pcc_vs_batch_aware_mu_ctx,0.4284629288354117,0.39977483376750617,0.45535302191088933,139,0.42848247329324657,0.40006457497472797,0.4554187023008508,139.0,0.001
lgb_delta,val_time,abundance_pcc,0.99096232892991,0.9898315745738892,0.991965671161402,139,0.0012886903472043632,2.013900783133048e-05,0.002928644761796723,139.0,0.044
xgb_delta,val_chem_only,fold_change_pcc,0.4392187820609494,0.43263061516119,0.4460218814846524,1065,-0.047354175766008505,-0.051199274943848794,-0.04394900134800198,1065.0,0.001
xgb_delta,val_chem_only,residual_pcc_vs_mu_ctx,0.40403677272465627,0.39371334969676264,0.4142649813184683,1065,-0.04872484094547003,-0.05596632104897575,-0.042118344055701196,1065.0,0.001
xgb_delta,val_chem_only,residual_pcc_vs_mu_drug,0.43347266998317757,0.4261432656470934,0.44096501671027094,1065,-0.05424134720875964,-0.059587693473038425,-0.04941655760987387,1065.0,0.001
xgb_delta,val_chem_only,residual_pcc_vs_batch_aware_mu_ctx,0.17163349580072856,0.15972137508066248,0.18257046654294867,1065,0.17126691168149596,0.15915205311889008,0.18221178690658332,1065.0,0.001
xgb_delta,val_chem_only,abundance_pcc,0.9900124070298095,0.9896875067530312,0.9903071587673189,1065,-0.003266099824601671,-0.0033995834248438063,-0.0031372942626430966,1065.0,0.001
xgb_delta,val_strain_only,fold_change_pcc,0.275367160742956,0.2640563308155351,0.28692952721011045,1333,-0.002301384456409711,-0.013707572917872285,0.009293800647357688,1333.0,0.692
xgb_delta,val_strain_only,residual_pcc_vs_mu_ctx,0.3122193225730975,0.3038391621141791,0.32102418289666257,1333,0.01744100897840248,0.007483187875786961,0.027227082988138186,1333.0,0.001
xgb_delta,val_strain_only,residual_pcc_vs_mu_drug,0.24844814227518175,0.2374372140914717,0.25870404041976947,1333,-0.051951275936129436,-0.06182066965859319,-0.04236103580925442,1333.0,0.001
xgb_delta,val_strain_only,residual_pcc_vs_batch_aware_mu_ctx,0.36278048169913457,0.3555302976561102,0.37036122491508455,1333,0.05390389997905387,0.04492015251563572,0.062256044656820844,1333.0,0.001
xgb_delta,val_strain_only,abundance_pcc,0.9888293900572058,0.9883125494886313,0.9893042173443235,1333,0.007773561277333254,0.00751088967267962,0.008029614904732826,1333.0,0.001
xgb_delta,val_both,fold_change_pcc,0.17253417037331037,0.15583048179964917,0.18894400229572303,269,-0.07293815986070361,-0.08948011760401997,-0.05576721164198055,269.0,0.001
xgb_delta,val_both,residual_pcc_vs_mu_ctx,0.21892734360625424,0.20402595477557706,0.23393919322959372,269,-0.06185375764070814,-0.07852380158432942,-0.04570814723234414,269.0,0.001
xgb_delta,val_both,residual_pcc_vs_mu_drug,0.18348636140323588,0.16802198732943827,0.1968781024541395,269,-0.0837202393787916,-0.09988520350065677,-0.06887539190748494,269.0,0.001
xgb_delta,val_both,residual_pcc_vs_batch_aware_mu_ctx,0.2633626706901398,0.23876500936485218,0.28554674309854056,269,-0.031531538559011814,-0.05652068162381532,-0.008798937636765734,269.0,0.008
xgb_delta,val_both,abundance_pcc,0.9887487766245746,0.9878397727052133,0.9895613615973411,269,0.005357918011778707,0.004869491167799882,0.005875201989839143,269.0,0.001
xgb_delta,val_time,fold_change_pcc,0.5716484605756008,0.5471524399438337,0.594611077663723,139,0.09386681359167326,0.07798247915707923,0.10966760673562417,139.0,0.001
xgb_delta,val_time,residual_pcc_vs_mu_ctx,0.5135894843433507,0.4885624314937141,0.5399160435860684,139,0.19013075033197216,0.16282137597051036,0.22055158214063278,139.0,0.001
xgb_delta,val_time,residual_pcc_vs_mu_drug,0.539319225629129,0.5174841166902476,0.5594609198603004,139,0.09793218660276691,0.07265282749762686,0.12798836982305245,139.0,0.001
xgb_delta,val_time,residual_pcc_vs_batch_aware_mu_ctx,0.4278761673993898,0.3990127925423249,0.4550154491938507,139,0.42789571185722475,0.3992654593518062,0.4547710085763899,139.0,0.001
xgb_delta,val_time,abundance_pcc,0.9909859341091883,0.9898367642141276,0.992016173765746,139,0.0013122955264826873,5.534030133961127e-05,0.0029294381538438282,139.0,0.03
cat_delta,val_chem_only,fold_change_pcc,0.32007651851463687,0.31369936721354014,0.32669020649097263,1065,-0.16649643931232105,-0.17118998629658916,-0.16137656576881637,1065.0,0.001
cat_delta,val_chem_only,residual_pcc_vs_mu_ctx,0.1676724428477977,0.15898122618360866,0.17665900576425156,1065,-0.2850891708223285,-0.2921921332685352,-0.2777656874336302,1065.0,0.001
cat_delta,val_chem_only,residual_pcc_vs_mu_drug,0.22919161515701378,0.22165199661766727,0.23680234191011604,1065,-0.25852240203492344,-0.2649110995930034,-0.25215223233235134,1065.0,0.001
cat_delta,val_chem_only,residual_pcc_vs_batch_aware_mu_ctx,-0.10840624934351122,-0.11677617305384659,-0.09936402252778921,1065,-0.10877283346274386,-0.11707547582289736,-0.09983617081047556,1065.0,0.001
cat_delta,val_chem_only,abundance_pcc,0.9735737822558791,0.9731973044759422,0.9739852952434149,1065,-0.019704724598532165,-0.020025064279317325,-0.019367764460830324,1065.0,0.001
cat_delta,val_strain_only,fold_change_pcc,0.261745694350847,0.25141391219891585,0.2726279902365733,1333,-0.0159228508485187,-0.026896594216896587,-0.004891086641677391,1333.0,0.008
cat_delta,val_strain_only,residual_pcc_vs_mu_ctx,0.29857337541651535,0.2908974277715137,0.3067232603343564,1333,0.0037950618218203333,-0.0051987887822961595,0.013397609686162684,1333.0,0.44
cat_delta,val_strain_only,residual_pcc_vs_mu_drug,0.22158665306227907,0.21162894333317972,0.23119892210999932,1333,-0.07881276514903211,-0.08791762778055438,-0.0695254918613479,1333.0,0.001
cat_delta,val_strain_only,residual_pcc_vs_batch_aware_mu_ctx,0.349942563860079,0.34306454994118624,0.3573020958493106,1333,0.04106598213999832,0.032284040441183964,0.04960960572208577,1333.0,0.001
cat_delta,val_strain_only,abundance_pcc,0.9874005793468322,0.9868808662879758,0.9878662620787901,1333,0.006344750566959466,0.006035397129253236,0.006618886760807729,1333.0,0.001
cat_delta,val_both,fold_change_pcc,0.11848473503798267,0.10399550039088269,0.13346367242386245,269,-0.12698759519603137,-0.1442843987539372,-0.10900376452490454,269.0,0.001
cat_delta,val_both,residual_pcc_vs_mu_ctx,0.03134866504278109,0.016395590180414876,0.04516402803274453,269,-0.24943243620418132,-0.2676225502034878,-0.23099779727940678,269.0,0.001
cat_delta,val_both,residual_pcc_vs_mu_drug,0.0328206732095372,0.016121033114359914,0.049317276120622665,269,-0.2343859275724903,-0.25292365541249523,-0.21409948932713047,269.0,0.001
cat_delta,val_both,residual_pcc_vs_batch_aware_mu_ctx,-0.07933821218847596,-0.09418317408820762,-0.06416940596668322,269,-0.3742324214376277,-0.3953428114132283,-0.3534273339911167,269.0,0.001
cat_delta,val_both,abundance_pcc,0.9757613688888502,0.974825317531602,0.976618895526007,269,-0.00762948972394557,-0.008286814888222213,-0.006968246454579678,269.0,0.001
cat_delta,val_time,fold_change_pcc,0.45393213275365174,0.42655818260520517,0.48098088614286577,139,-0.023849514230275717,-0.04567083123601099,-0.0011047488193565722,139.0,0.04
cat_delta,val_time,residual_pcc_vs_mu_ctx,0.32456086134583745,0.2865546619028889,0.3655183926562102,139,0.0011021273344588615,-0.029397854458817502,0.03340089404504578,139.0,0.936
cat_delta,val_time,residual_pcc_vs_mu_drug,0.3797533986474031,0.3568429214404827,0.40302796545894715,139,-0.061633640378959076,-0.09597730794805637,-0.026082636915876926,139.0,0.001
cat_delta,val_time,residual_pcc_vs_batch_aware_mu_ctx,0.1799689274455632,0.14116588253479104,0.22095502637388698,139,0.17998847190339812,0.14138792002653613,0.2212173749492601,139.0,0.001
cat_delta,val_time,abundance_pcc,0.9872470929696255,0.9859972076760739,0.9883319657611705,139,-0.0024265456130799197,-0.003738898567073723,-0.0008265982935332975,139.0,0.008
lgb_abs,val_chem_only,fold_change_pcc,0.4391061134836011,0.43226149112275236,0.4461791167954819,1065,-0.04746684434335679,-0.051901818809846664,-0.04357577340726263,1065.0,0.001
lgb_abs,val_chem_only,residual_pcc_vs_mu_ctx,0.41619364679426446,0.40719340776625224,0.4244821897423615,1065,-0.03656796687586187,-0.04506675179475956,-0.02977869231471534,1065.0,0.001
lgb_abs,val_chem_only,residual_pcc_vs_mu_drug,0.4361948332854305,0.42869927762989096,0.44394979037180543,1065,-0.05151918390650664,-0.05776679260577529,-0.04625519344133547,1065.0,0.001
lgb_abs,val_chem_only,residual_pcc_vs_batch_aware_mu_ctx,0.18395356079822134,0.17239652168193195,0.1947905290067442,1065,0.18358697667898866,0.17204553141563475,0.1942066653287096,1065.0,0.001
lgb_abs,val_chem_only,abundance_pcc,0.9906106034223061,0.9902711382717316,0.9909282743082206,1065,-0.002667903432105109,-0.0028370667315764115,-0.0025218914553359257,1065.0,0.001
lgb_abs,val_strain_only,fold_change_pcc,0.2789049215141651,0.26806040854430674,0.29008724042255535,1333,0.0012363763147994573,-0.009608209769343599,0.012234775799735663,1333.0,0.844
lgb_abs,val_strain_only,residual_pcc_vs_mu_ctx,0.3181114500005127,0.3102210421930295,0.3266325642861364,1333,0.023333136405817727,0.01375714099026404,0.03290251753670352,1333.0,0.001
lgb_abs,val_strain_only,residual_pcc_vs_mu_drug,0.2535201889763084,0.24310853582177036,0.2628471998701538,1333,-0.04687922923500278,-0.05630224532955453,-0.037770399087371176,1333.0,0.001
lgb_abs,val_strain_only,residual_pcc_vs_batch_aware_mu_ctx,0.36334434733512405,0.35638996466736883,0.3704757676415559,1333,0.05446776561504337,0.04614625022570327,0.0626614048685539,1333.0,0.001
lgb_abs,val_strain_only,abundance_pcc,0.9859403767782503,0.985348279213619,0.9864805087510253,1333,0.0048845479983776145,0.0045766798404972475,0.005186021243629373,1333.0,0.001
lgb_abs,val_both,fold_change_pcc,0.1776221847903331,0.16183509595479842,0.1920886172239708,269,-0.06785014544368093,-0.08347408307482804,-0.052344476831767045,269.0,0.001
lgb_abs,val_both,residual_pcc_vs_mu_ctx,0.2263989706354182,0.21363746084622567,0.2400833327324567,269,-0.05438213061154417,-0.06951482406432075,-0.0398092234627347,269.0,0.001
lgb_abs,val_both,residual_pcc_vs_mu_drug,0.18845589728029952,0.17459114611447818,0.20052974794099232,269,-0.07875070350172797,-0.09342438184758052,-0.0646711758954096,269.0,0.001
lgb_abs,val_both,residual_pcc_vs_batch_aware_mu_ctx,0.2626278612653077,0.24082511926917766,0.2840495227220046,269,-0.032266347983844035,-0.05487471038085458,-0.010911433078680498,269.0,0.002
lgb_abs,val_both,abundance_pcc,0.9871361309176898,0.9860901484093033,0.9880158553777714,269,0.003745272304894003,0.00311198595528972,0.004386334177810703,269.0,0.001
lgb_abs,val_time,fold_change_pcc,0.5607377828908354,0.536756498861299,0.5845130871690426,139,0.082956135906908,0.06617750198722015,0.09973057458833616,139.0,0.001
lgb_abs,val_time,residual_pcc_vs_mu_ctx,0.49865701504027193,0.47292628014833926,0.5260280421220536,139,0.1751982810288934,0.14665075720462661,0.20590427452475732,139.0,0.001
lgb_abs,val_time,residual_pcc_vs_mu_drug,0.5277932689385686,0.5056831087473689,0.5480645528203408,139,0.08640622991220645,0.060875442447372384,0.11658128015509482,139.0,0.001
lgb_abs,val_time,residual_pcc_vs_batch_aware_mu_ctx,0.41343008273811543,0.38483069812909965,0.4417152827731913,139,0.41344962719595035,0.3853028097575529,0.4411068263787775,139.0,0.001
lgb_abs,val_time,abundance_pcc,0.9904594854713784,0.989123194976034,0.9916662988210473,139,0.0007858468886728951,-0.00037090221745698915,0.002212237090735545,139.0,0.236
xgb_abs,val_chem_only,fold_change_pcc,0.43296783004818784,0.4263482743006172,0.4397677958840356,1065,-0.05360512777877007,-0.057465085262425525,-0.05006729564438019,1065.0,0.001
xgb_abs,val_chem_only,residual_pcc_vs_mu_ctx,0.40116903751875965,0.3915294998569217,0.41087962061025696,1065,-0.051592576151366656,-0.058893305349584014,-0.04505386696895081,1065.0,0.001
xgb_abs,val_chem_only,residual_pcc_vs_mu_drug,0.4280454669175665,0.42055232120973446,0.4352112661046884,1065,-0.05966855027437069,-0.0651559454448847,-0.05484795463871899,1065.0,0.001
xgb_abs,val_chem_only,residual_pcc_vs_batch_aware_mu_ctx,0.16869528517627927,0.15808395924464239,0.1784828923071176,1065,0.1683287010570466,0.1575625199916209,0.17820130367311765,1065.0,0.001
xgb_abs,val_chem_only,abundance_pcc,0.8991435121535728,0.8962332490257165,0.9018125507018366,1065,-0.0941349947008384,-0.09692575491012706,-0.09153049461667659,1065.0,0.001
xgb_abs,val_strain_only,fold_change_pcc,0.28508724627235876,0.274250438384504,0.2963563868289039,1333,0.007418701072993066,-0.003412482563102587,0.01821137703314745,1333.0,0.18
xgb_abs,val_strain_only,residual_pcc_vs_mu_ctx,0.32368022125175844,0.3158908210153084,0.3319072542775773,1333,0.0289019076570634,0.019394605301904264,0.0381031376140947,1333.0,0.001
xgb_abs,val_strain_only,residual_pcc_vs_mu_drug,0.26004267923301705,0.24978530274234043,0.26941883977240766,1333,-0.04035673897829416,-0.049342094157995085,-0.03142942191562184,1333.0,0.001
xgb_abs,val_strain_only,residual_pcc_vs_batch_aware_mu_ctx,0.369294578862429,0.3627067768244981,0.3763949705421,1333,0.06041799714234831,0.05205177904966261,0.06824296105656281,1333.0,0.001
xgb_abs,val_strain_only,abundance_pcc,0.822535786058058,0.8192963353701658,0.8257796341004197,1333,-0.15852004272181458,-0.16179561029525993,-0.1551481260163545,1333.0,0.001
xgb_abs,val_both,fold_change_pcc,0.18288437581944744,0.16737317678866093,0.19773785922201179,269,-0.06258795441456656,-0.07770991425632089,-0.04787277951216939,269.0,0.001
xgb_abs,val_both,residual_pcc_vs_mu_ctx,0.22888807747019113,0.2156262903087321,0.24248913256871651,269,-0.051893023776771206,-0.06659144726291849,-0.037327955451237314,269.0,0.001
xgb_abs,val_both,residual_pcc_vs_mu_drug,0.19337274368210292,0.17984956679787775,0.2058110752396234,269,-0.0738338570999246,-0.08832459522071398,-0.0603267094600687,269.0,0.001
xgb_abs,val_both,residual_pcc_vs_batch_aware_mu_ctx,0.2662548242420177,0.2444740871752378,0.286283951873248,269,-0.028639385007133936,-0.05028104529699782,-0.007807141083745251,269.0,0.006
xgb_abs,val_both,abundance_pcc,0.8584759266042151,0.8524811098425028,0.8640236521851511,269,-0.12491493200858073,-0.1307602998024613,-0.119386485409984,269.0,0.001
xgb_abs,val_time,fold_change_pcc,0.5610079731434208,0.5373636915501119,0.5838712254900251,139,0.08322632615949331,0.06662155337939989,0.10034140229395572,139.0,0.001
xgb_abs,val_time,residual_pcc_vs_mu_ctx,0.4985212100258426,0.4732168601931201,0.5259565443452114,139,0.17506247601446395,0.14676714080361314,0.2058433452653506,139.0,0.001
xgb_abs,val_time,residual_pcc_vs_mu_drug,0.5276134328338994,0.5056501013251608,0.5477464294797744,139,0.08622639380753723,0.06074790995720766,0.11632994208413387,139.0,0.001
xgb_abs,val_time,residual_pcc_vs_batch_aware_mu_ctx,0.41292222641693416,0.3842585662834106,0.4406537810477623,139,0.412941770874769,0.38431946338620954,0.4404658666165792,139.0,0.001
xgb_abs,val_time,abundance_pcc,0.9089161708913218,0.9004440189055104,0.9167281928449001,139,-0.08075746769138362,-0.08979052908228206,-0.07212399751306266,139.0,0.001
cat_abs,val_chem_only,fold_change_pcc,0.31715034973245065,0.3108265520158146,0.323684096239557,1065,-0.1694226080945072,-0.1743286586063324,-0.16443505298915684,1065.0,0.001
cat_abs,val_chem_only,residual_pcc_vs_mu_ctx,0.16982055769608295,0.1615429416930271,0.17796409677770866,1065,-0.28294105597404334,-0.29041825340639404,-0.27545254139648434,1065.0,0.001
cat_abs,val_chem_only,residual_pcc_vs_mu_drug,0.23380729569089695,0.22643982947024335,0.2414830903384857,1065,-0.2539067215010402,-0.2602036678340446,-0.24713700612591855,1065.0,0.001
cat_abs,val_chem_only,residual_pcc_vs_batch_aware_mu_ctx,-0.08760865633200016,-0.09674112404834094,-0.0781532689611556,1065,-0.08797524045123278,-0.09726213599032421,-0.07851647091316447,1065.0,0.001
cat_abs,val_chem_only,abundance_pcc,0.9779666982336169,0.9775925844159207,0.9783493400287945,1065,-0.015311808620794074,-0.015609620903773784,-0.015046813438590437,1065.0,0.001
cat_abs,val_strain_only,fold_change_pcc,0.2637689552515671,0.25393789373121345,0.27380820472896367,1333,-0.013899589947798578,-0.024116846162827568,-0.003601067097668277,1333.0,0.008
cat_abs,val_strain_only,residual_pcc_vs_mu_ctx,0.2907851061381334,0.2839754247772695,0.2983525212814105,1333,-0.003993207456561581,-0.012537424373853854,0.00433958588191614,1333.0,0.348
cat_abs,val_strain_only,residual_pcc_vs_mu_drug,0.21794066832946088,0.20864968431540545,0.2268653453118517,1333,-0.08245874988185029,-0.09077509502168765,-0.07441996485950413,1333.0,0.001
cat_abs,val_strain_only,residual_pcc_vs_batch_aware_mu_ctx,0.3267846067107704,0.32061152240754653,0.3332523798218608,1333,0.0179080249906897,0.010013584358154344,0.02559547433675219,1333.0,0.001
cat_abs,val_strain_only,abundance_pcc,0.9832602104848155,0.9826603596544453,0.9838041237971253,1333,0.002204381704942762,0.001862563696123999,0.0025165375943506135,1333.0,0.001
cat_abs,val_both,fold_change_pcc,0.15422954880487394,0.13897879517973108,0.1703149604409927,269,-0.09124278142914004,-0.1086364533602937,-0.07213954607018198,269.0,0.001
cat_abs,val_both,residual_pcc_vs_mu_ctx,0.063899653844234,0.047983941975855,0.07906283736248922,269,-0.21688144740272836,-0.23633178292990697,-0.197078315104908,269.0,0.001
cat_abs,val_both,residual_pcc_vs_mu_drug,0.07852927748644267,0.06133031128714545,0.09562102203701024,269,-0.18867732329558481,-0.20755884016502382,-0.16765114170503181,269.0,0.001
cat_abs,val_both,residual_pcc_vs_batch_aware_mu_ctx,-0.057267475056375326,-0.07593170703599031,-0.038811617688543985,269,-0.35216168430552697,-0.37518285932195783,-0.3278309823896323,269.0,0.001
cat_abs,val_both,abundance_pcc,0.9730802210118332,0.9721467266418293,0.9739249817313197,269,-0.01031063760096265,-0.010969221029520054,-0.00965822571117049,269.0,0.001
cat_abs,val_time,fold_change_pcc,0.48945653861386496,0.46508948200707473,0.5149858807106993,139,0.011674891629937451,-0.008975816206200252,0.03220965149613852,139.0,0.264
cat_abs,val_time,residual_pcc_vs_mu_ctx,0.3950049065148132,0.3619309482964999,0.4284451185955479,139,0.07154617250343456,0.04051303214841493,0.10364350583001375,139.0,0.001
cat_abs,val_time,residual_pcc_vs_mu_drug,0.4280619837163901,0.4050146037781616,0.4498332936621579,139,-0.013325055309971938,-0.0453250656165689,0.021672124016847465,139.0,0.426
cat_abs,val_time,residual_pcc_vs_batch_aware_mu_ctx,0.2857709849821457,0.2526303111323069,0.31909229029301495,139,0.2857905294399807,0.2536147234090859,0.31894153579286916,139.0,0.001
cat_abs,val_time,abundance_pcc,0.9872027030679693,0.985681659894704,0.9884729626160795,139,-0.0024709355147361878,-0.003704777425708617,-0.0010065891503354578,139.0,0.002
ens_delta,val_chem_only,fold_change_pcc,0.3862929890494095,0.3799602414901197,0.3930693981403952,1065,-0.1002799687775484,-0.10364616439808727,-0.0966212391233568,1065.0,0.001
ens_delta,val_chem_only,residual_pcc_vs_mu_ctx,0.29477158882425814,0.2859188901889731,0.3043622508995238,1065,-0.1579900248458681,-0.16337791559541429,-0.15245432724515035,1065.0,0.001
ens_delta,val_chem_only,residual_pcc_vs_mu_drug,0.33903153930169455,0.3323049606002554,0.3464584819048812,1065,-0.14868247789024266,-0.15316373597324603,-0.14382696871642792,1065.0,0.001
ens_delta,val_chem_only,residual_pcc_vs_batch_aware_mu_ctx,-0.022341569902380395,-0.029389861830101196,-0.014927095012708544,1065,-0.02270815402161304,-0.029782942374417268,-0.015359489527845868,1065.0,0.001
ens_delta,val_chem_only,abundance_pcc,0.988409683822319,0.9880772883513764,0.9887245453132276,1065,-0.004868823032092092,-0.005061810985118565,-0.004692342782472715,1065.0,0.001
ens_delta,val_strain_only,fold_change_pcc,0.27681695560777986,0.2655222994438107,0.2883678902178829,1333,-0.0008515895915858917,-0.012080876361565579,0.010548252863535936,1333.0,0.872
ens_delta,val_strain_only,residual_pcc_vs_mu_ctx,0.3147705187181241,0.30649981980989516,0.32345166915603796,1333,0.01999220512342917,0.010121320826375534,0.029462468548786824,1333.0,0.001
ens_delta,val_strain_only,residual_pcc_vs_mu_drug,0.2470365346568766,0.23587406435254263,0.25712152121737214,1333,-0.053362883554434574,-0.06291519876996704,-0.04399319642994187,1333.0,0.001
ens_delta,val_strain_only,residual_pcc_vs_batch_aware_mu_ctx,0.3677438133055753,0.3607147311931142,0.37506757615246245,1333,0.058867231585494666,0.0496903941808224,0.06719013101233304,1333.0,0.001
ens_delta,val_strain_only,abundance_pcc,0.9885172769703096,0.988003356198357,0.9889794647264851,1333,0.007461448190436878,0.007192823400165308,0.007724161577736438,1333.0,0.001
ens_delta,val_both,fold_change_pcc,0.14661159515801941,0.13032793951550858,0.16263502151048187,269,-0.0988607350759946,-0.11538224497282809,-0.08050469532362382,269.0,0.001
ens_delta,val_both,residual_pcc_vs_mu_ctx,0.11894812248313884,0.10551731538379593,0.13192959468606125,269,-0.1618329787638235,-0.17830728048441438,-0.14629266073934633,269.0,0.001
ens_delta,val_both,residual_pcc_vs_mu_drug,0.09867710764503301,0.0817202831208706,0.11465507627584089,269,-0.1685294931369945,-0.18660280174585497,-0.15003070822962122,269.0,0.001
ens_delta,val_both,residual_pcc_vs_batch_aware_mu_ctx,0.05819334929846425,0.04281830400946192,0.07249781375997079,269,-0.2367008599506874,-0.25524540345710833,-0.21788922998171026,269.0,0.001
ens_delta,val_both,abundance_pcc,0.9865901694382373,0.9857163799714402,0.9873799069141118,269,0.003199310825441502,0.0026744629612363807,0.0037363205971105446,269.0,0.001
ens_delta,val_time,fold_change_pcc,0.5419025034218432,0.516620975808069,0.5667915174571361,139,0.06412085643791572,0.046032292717730454,0.08250472384130836,139.0,0.001
ens_delta,val_time,residual_pcc_vs_mu_ctx,0.4592588092020146,0.4282103805416241,0.4911898868911139,139,0.13580007519063608,0.10787011251743037,0.1663133807736655,139.0,0.001
ens_delta,val_time,residual_pcc_vs_mu_drug,0.5022739283279467,0.47949920027304493,0.5231253574051674,139,0.06088688930158457,0.03208391559776293,0.09257375726658558,139.0,0.001
ens_delta,val_time,residual_pcc_vs_batch_aware_mu_ctx,0.36509369044052037,0.3337983806030791,0.3983625040433283,139,0.36511323489835523,0.33309163878218584,0.39791220904687113,139.0,0.001
ens_delta,val_time,abundance_pcc,0.9907977409025956,0.9896891439480906,0.9917785036241906,139,0.0011241023198900366,-0.0001841591394658196,0.0027745011579845295,139.0,0.108
ens_abs,val_chem_only,fold_change_pcc,0.39549396521717384,0.3889206103224216,0.4023699288095969,1065,-0.09107899260978407,-0.09463212790144518,-0.08740409641818117,1065.0,0.001
ens_abs,val_chem_only,residual_pcc_vs_mu_ctx,0.3175223378472376,0.3086305644941673,0.32725928560236156,1065,-0.13523927582288867,-0.1407018876814345,-0.12978645240481887,1065.0,0.001
ens_abs,val_chem_only,residual_pcc_vs_mu_drug,0.35919618170430034,0.35197852368554916,0.3665694923380088,1065,-0.12851783548763684,-0.13312358272666644,-0.1237348232017199,1065.0,0.001
ens_abs,val_chem_only,residual_pcc_vs_batch_aware_mu_ctx,0.006224439321016655,-0.0012734681078578807,0.014096725117615764,1065,0.005857855201784008,-0.00198437945380482,0.01382745082612606,1065.0,0.138
ens_abs,val_chem_only,abundance_pcc,0.9815084035074728,0.9810897227579813,0.9818882432803769,1065,-0.011770103346938442,-0.012095512143278135,-0.011474927317973277,1065.0,0.001
ens_abs,val_strain_only,fold_change_pcc,0.2846028943428446,0.2739429891386079,0.2954890796964806,1333,0.006934349143478894,-0.0037705269317189595,0.017786781357374305,1333.0,0.224
ens_abs,val_strain_only,residual_pcc_vs_mu_ctx,0.32094493834298726,0.31322978760863956,0.3293391660191122,1333,0.026166624748292244,0.016794265269752886,0.034931359316619885,1333.0,0.001
ens_abs,val_strain_only,residual_pcc_vs_mu_drug,0.2534904672500316,0.24303024689635874,0.2628228579931834,1333,-0.046908950961279595,-0.055905338423713466,-0.03792552795643279,1333.0,0.001
ens_abs,val_strain_only,residual_pcc_vs_batch_aware_mu_ctx,0.366888387901877,0.3602432180731014,0.37390118647432957,1333,0.05801180618179629,0.049807354495755275,0.06590953655181603,1333.0,0.001
ens_abs,val_strain_only,abundance_pcc,0.9766723480759283,0.9761392830048138,0.9771947103203187,1333,-0.004383480703944477,-0.004766110910709829,-0.004015653708747597,1333.0,0.001
ens_abs,val_both,fold_change_pcc,0.17520521171159656,0.15904356361045308,0.1917051131641438,269,-0.07026711852241742,-0.08744287688737062,-0.05191271348653673,269.0,0.001
ens_abs,val_both,residual_pcc_vs_mu_ctx,0.14243496455862753,0.12924544035259897,0.1552259754083435,269,-0.13834613668833481,-0.15483146354432356,-0.1219237442756721,269.0,0.001
ens_abs,val_both,residual_pcc_vs_mu_drug,0.13222673049812034,0.11514740387687815,0.1482063426349701,269,-0.13497987028390715,-0.15253491094822602,-0.11580018291604806,269.0,0.001
ens_abs,val_both,residual_pcc_vs_batch_aware_mu_ctx,0.07812645948435304,0.06325137828007724,0.09313974525232077,269,-0.21676774976479862,-0.2360317468515273,-0.19677058328748354,269.0,0.001
ens_abs,val_both,abundance_pcc,0.9741796936831119,0.9731294494124259,0.9751454037619851,269,-0.009211164929683836,-0.010049191976909623,-0.008374534458506363,269.0,0.001
ens_abs,val_time,fold_change_pcc,0.5484353765566633,0.5244149158446875,0.5723472312689187,139,0.07065372957273572,0.052841173783854334,0.08910982162168074,139.0,0.001
ens_abs,val_time,residual_pcc_vs_mu_ctx,0.47566670436934555,0.44745498172553355,0.5053538273722306,139,0.152207970357967,0.12364909839030333,0.18295717384753685,139.0,0.001
ens_abs,val_time,residual_pcc_vs_mu_drug,0.5104331698565246,0.48764195428564705,0.5310907336729572,139,0.06904613083016273,0.041764095007786294,0.1011933508011513,139.0,0.001
ens_abs,val_time,residual_pcc_vs_batch_aware_mu_ctx,0.3858695873134337,0.35555223802782226,0.4168755556932979,139,0.38588913177126866,0.35618757443801946,0.41634284400249016,139.0,0.001
ens_abs,val_time,abundance_pcc,0.9854014966700032,0.9841830262333396,0.9864657411504186,139,-0.004272141912702449,-0.005911417472773355,-0.002410049961794995,139.0,0.001
ens_all,val_chem_only,fold_change_pcc,0.3963080997127977,0.38975801588762093,0.40320957182829437,1065,-0.09026485811416021,-0.09370122168630725,-0.08669749983884703,1065.0,0.001
ens_all,val_chem_only,residual_pcc_vs_mu_ctx,0.3116407386730773,0.3026221927899668,0.32155843920366806,1065,-0.14112087499704898,-0.14660626979366131,-0.13574456763303253,1065.0,0.001
ens_all,val_chem_only,residual_pcc_vs_mu_drug,0.3548766018232299,0.3478575561115053,0.36233400456147546,1065,-0.13283741536870733,-0.13745346667940064,-0.12808188959660763,1065.0,0.001
ens_all,val_chem_only,residual_pcc_vs_batch_aware_mu_ctx,-0.008861083459411447,-0.016284467373381833,-0.0012381919713066695,1065,-0.009227667578644088,-0.016787192722698924,-0.0014531495205065555,1065.0,0.012
ens_all,val_chem_only,abundance_pcc,0.9874457653693187,0.9870936404770243,0.9877657180534906,1065,-0.005832741485092326,-0.006062336519161202,-0.005630030326751086,1065.0,0.001
ens_all,val_strain_only,fold_change_pcc,0.2847449325516977,0.2738315345911972,0.29604088365627296,1333,0.007076387352332005,-0.003975067959376521,0.018250383138125565,1333.0,0.24
ens_all,val_strain_only,residual_pcc_vs_mu_ctx,0.32259363168384203,0.3145663514571842,0.3310411065715959,1333,0.02781531808914705,0.01824360184005373,0.03703254485378721,1333.0,0.001
ens_all,val_strain_only,residual_pcc_vs_mu_drug,0.25452893198505594,0.24362732321639347,0.26445646961593905,1333,-0.045870486226255246,-0.055174557167212,-0.036666176063827854,1333.0,0.001
ens_all,val_strain_only,residual_pcc_vs_batch_aware_mu_ctx,0.37361844922557597,0.3666974014724473,0.38078268635399903,1333,0.06474186750549525,0.05589141645705838,0.07275055644629205,1333.0,0.001
ens_all,val_strain_only,abundance_pcc,0.9888320580361293,0.9883228223853606,0.9892917892681818,1333,0.007776229256256702,0.007506287988720425,0.008031450819532262,1333.0,0.001
ens_all,val_both,fold_change_pcc,0.16515195465955743,0.14861181010442123,0.18165589586516215,269,-0.08032037557445658,-0.09749570868514885,-0.06150894595410329,269.0,0.001
ens_all,val_both,residual_pcc_vs_mu_ctx,0.13496185766321417,0.12116450841337181,0.1476903165191226,269,-0.1458192435837482,-0.16240130747642964,-0.12964848798492543,269.0,0.001
ens_all,val_both,residual_pcc_vs_mu_drug,0.119486824412441,0.10223759639744323,0.13541924487133677,269,-0.1477197763695865,-0.16566539958720222,-0.12890171182511237,269.0,0.001
ens_all,val_both,residual_pcc_vs_batch_aware_mu_ctx,0.07315143044971018,0.058055688989748826,0.08838050309918209,269,-0.22174277879944154,-0.2408421581968324,-0.20178685639708874,269.0,0.001
ens_all,val_both,abundance_pcc,0.9857706624923154,0.9848869551471494,0.9865501535505895,269,0.0023798038795196635,0.0018103748298425098,0.00295313428163356,269.0,0.001
ens_all,val_time,fold_change_pcc,0.5530273773483556,0.5282533038021612,0.5771606492002309,139,0.07524573036442822,0.057893904323494824,0.09329468935280595,139.0,0.001
ens_all,val_time,residual_pcc_vs_mu_ctx,0.4784727079921816,0.44938152038831675,0.5088219880749284,139,0.15501397398080305,0.12655219544538848,0.18483838792613952,139.0,0.001
ens_all,val_time,residual_pcc_vs_mu_drug,0.5157400849999091,0.4930773590324539,0.5358860662736534,139,0.07435304597354701,0.046774564412551,0.1058223012623861,139.0,0.001
ens_all,val_time,residual_pcc_vs_batch_aware_mu_ctx,0.3884403480420628,0.35764701147172495,0.4199646750834251,139,0.38845989249989776,0.3576138693856459,0.4202178430784879,139.0,0.001
ens_all,val_time,abundance_pcc,0.9902633612997553,0.9891536512074789,0.9912391755809677,139,0.0005897227170498591,-0.0007277400920330597,0.0022352109171637877,139.0,0.474
lgb_delta_ABLATION_fullonly,val_chem_only,fold_change_pcc,0.4169672655979005,0.41033615042251875,0.42433047360646386,1065,-0.0696056922290574,-0.07215490979220021,-0.06718553583081097,1065.0,0.001
lgb_delta_ABLATION_fullonly,val_chem_only,residual_pcc_vs_mu_ctx,0.37792178650573843,0.3689212969987807,0.3885262167460007,1065,-0.07483982716438782,-0.07810684523216449,-0.0714330764564764,1065.0,0.001
lgb_delta_ABLATION_fullonly,val_chem_only,residual_pcc_vs_mu_drug,0.40891611963517904,0.40206394184815164,0.41651127878522826,1065,-0.07879789755675819,-0.08152657729334742,-0.07610473529469934,1065.0,0.001
lgb_delta_ABLATION_fullonly,val_chem_only,residual_pcc_vs_batch_aware_mu_ctx,0.1039644231411892,0.09628661591471899,0.11151677653207062,1065,0.10359783902195657,0.09594358530190567,0.11100524744639367,1065.0,0.001
lgb_delta_ABLATION_fullonly,val_chem_only,abundance_pcc,0.990544850890077,0.9902511551437136,0.9908279506294724,1065,-0.0027336559643339666,-0.002845604195436263,-0.0026317234054136418,1065.0,0.001
lgb_delta_ABLATION_fullonly,val_strain_only,fold_change_pcc,0.2605801189301052,0.2515248701820468,0.26967446977181087,1333,-0.017088426269260545,-0.027136451718124833,-0.007601431950346606,1333.0,0.002
lgb_delta_ABLATION_fullonly,val_strain_only,residual_pcc_vs_mu_ctx,0.30670613089373494,0.30072408995319844,0.3126702599855594,1333,0.011927817299039968,0.004397225970760519,0.02005401896515369,1333.0,0.002
lgb_delta_ABLATION_fullonly,val_strain_only,residual_pcc_vs_mu_drug,0.22540806575350156,0.21685443084725245,0.23362732894815838,1333,-0.07499135245780963,-0.08226382799595625,-0.06854685981151248,1333.0,0.001
lgb_delta_ABLATION_fullonly,val_strain_only,residual_pcc_vs_batch_aware_mu_ctx,0.36160957388349313,0.35604668578323534,0.3676350676432511,1333,0.05273299216341246,0.04555245616642852,0.059901869637791684,1333.0,0.001
lgb_delta_ABLATION_fullonly,val_strain_only,abundance_pcc,0.9887278721924717,0.9882347857631048,0.9891782033131656,1333,0.00767204341259903,0.0073879007962481345,0.007937578418133515,1333.0,0.001
lgb_delta_ABLATION_fullonly,val_both,fold_change_pcc,0.15642332708604936,0.14305799337563035,0.16905877004879755,269,-0.08904900314796466,-0.10290893489596686,-0.07403821535175308,269.0,0.001
lgb_delta_ABLATION_fullonly,val_both,residual_pcc_vs_mu_ctx,0.2204268407832403,0.21147072255149332,0.22958351275780287,269,-0.0603542604637221,-0.07144511501796287,-0.04823652197423857,269.0,0.001
lgb_delta_ABLATION_fullonly,val_both,residual_pcc_vs_mu_drug,0.1552993019025744,0.14326167609109736,0.1674256118768091,269,-0.1119072988794531,-0.12459068072594033,-0.09831110498136288,269.0,0.001
lgb_delta_ABLATION_fullonly,val_both,residual_pcc_vs_batch_aware_mu_ctx,0.3015158351783499,0.2865956965754732,0.31550503862766693,269,0.0066216259291981844,-0.008809332544809943,0.021783585260263853,269.0,0.348
lgb_delta_ABLATION_fullonly,val_both,abundance_pcc,0.9892327708386751,0.9883643246106701,0.9900199735178818,269,0.0058419122258792375,0.0053547946748508015,0.006379964053392816,269.0,0.001
lgb_delta_ABLATION_fullonly,val_time,fold_change_pcc,0.5723072824677824,0.5481055122474352,0.5956228387327225,139,0.0945256354838549,0.07830807349445373,0.11057546256789197,139.0,0.001
lgb_delta_ABLATION_fullonly,val_time,residual_pcc_vs_mu_ctx,0.5139183841816172,0.4886592027435262,0.5401870831577515,139,0.19045965017023858,0.16215091736306841,0.2213380596117416,139.0,0.001
lgb_delta_ABLATION_fullonly,val_time,residual_pcc_vs_mu_drug,0.5405178501642839,0.5182655435818349,0.5606820889788933,139,0.09913081113792177,0.07337963610349889,0.12887208292809307,139.0,0.001
lgb_delta_ABLATION_fullonly,val_time,residual_pcc_vs_batch_aware_mu_ctx,0.4284629288354117,0.39977483376750617,0.45535302191088933,139,0.42848247329324657,0.40006457497472797,0.4554187023008508,139.0,0.001
lgb_delta_ABLATION_fullonly,val_time,abundance_pcc,0.99096232892991,0.9898315745738892,0.991965671161402,139,0.0012886903472043632,2.013900783133048e-05,0.002928644761796723,139.0,0.044
per_context_mean_batch,val_chem_only,fold_change_pcc,0.4865729578269579,0.479624054710457,0.49392822147741366,1065,,,,,
per_context_mean_batch,val_chem_only,residual_pcc_vs_mu_ctx,0.4527616136701263,0.44409071036433545,0.46272037573891345,1065,,,,,
per_context_mean_batch,val_chem_only,residual_pcc_vs_mu_drug,0.48771401719193713,0.4808147627558353,0.49508286416026975,1065,,,,,
per_context_mean_batch,val_chem_only,residual_pcc_vs_batch_aware_mu_ctx,0.0003665841192326415,-0.0005437194353006445,0.0013512013188887288,1065,,,,,
per_context_mean_batch,val_chem_only,abundance_pcc,0.9932785068544112,0.9930085533895162,0.9935392304949121,1065,,,,,
per_context_mean_batch,val_strain_only,fold_change_pcc,0.2776685451993657,0.272116326723748,0.28365117514450383,1333,,,,,
per_context_mean_batch,val_strain_only,residual_pcc_vs_mu_ctx,0.294778313594695,0.28912692512415555,0.30037555760687856,1333,,,,,
per_context_mean_batch,val_strain_only,residual_pcc_vs_mu_drug,0.30039941821131116,0.29333011202473913,0.3074229714970502,1333,,,,,
per_context_mean_batch,val_strain_only,residual_pcc_vs_batch_aware_mu_ctx,0.30887658172008065,0.3032582848660521,0.3142475698675717,1333,,,,,
per_context_mean_batch,val_strain_only,abundance_pcc,0.9810558287798726,0.9805468981303714,0.9815346464342951,1333,,,,,
per_context_mean_batch,val_both,fold_change_pcc,0.245472330234014,0.2324866428779839,0.2581404210034949,269,,,,,
per_context_mean_batch,val_both,residual_pcc_vs_mu_ctx,0.2807811012469624,0.26862746401014215,0.2916663981438811,269,,,,,
per_context_mean_batch,val_both,residual_pcc_vs_mu_drug,0.2672066007820275,0.2554897368557305,0.27930931486326105,269,,,,,
per_context_mean_batch,val_both,residual_pcc_vs_batch_aware_mu_ctx,0.29489420924915166,0.28290467272183534,0.30593837775241556,269,,,,,
per_context_mean_batch,val_both,abundance_pcc,0.983390858612796,0.9825309131712453,0.9840960926522863,269,,,,,
per_context_mean_batch,val_time,fold_change_pcc,0.4777816469839275,0.4541594994718279,0.4989285870015763,139,,,,,
per_context_mean_batch,val_time,residual_pcc_vs_mu_ctx,0.32345873401137853,0.2892680344132693,0.3587651788720619,139,,,,,
per_context_mean_batch,val_time,residual_pcc_vs_mu_drug,0.44138703902636206,0.41230004450804597,0.4671131530604865,139,,,,,
per_context_mean_batch,val_time,residual_pcc_vs_batch_aware_mu_ctx,-1.9544457834923986e-05,-0.0025849041244534804,0.0027998556855148866,139,,,,,
per_context_mean_batch,val_time,abundance_pcc,0.9896736385827055,0.9872674954563261,0.9917009735288524,139,,,,,
control_anchor,val_chem_only,fold_change_pcc,,,,0,,,,0.0,
control_anchor,val_chem_only,residual_pcc_vs_mu_ctx,0.23665709715070662,0.22411750119632504,0.24902601031922328,1065,-0.21610451651941967,-0.2280861049758757,-0.20431640933904152,1065.0,0.001
control_anchor,val_chem_only,residual_pcc_vs_mu_drug,0.12025118564466072,0.11378365171692743,0.12659864497725098,1065,-0.3674628315472765,-0.3778075620612033,-0.3578322622124156,1065.0,0.001
control_anchor,val_chem_only,residual_pcc_vs_batch_aware_mu_ctx,0.22008236292209135,0.20824750007819998,0.23125818559338146,1065,0.2197157788028587,0.20760531486672654,0.23105343139765314,1065.0,0.001
control_anchor,val_chem_only,abundance_pcc,0.9917526045324276,0.9913944002711277,0.9920886325974475,1065,-0.0015259023219836663,-0.001668674529979539,-0.0013926439525737118,1065.0,0.001
control_anchor,val_strain_only,fold_change_pcc,,,,0,,,,0.0,
control_anchor,val_strain_only,residual_pcc_vs_mu_ctx,0.17857136698894546,0.16975551673995473,0.18760569968851618,1333,-0.1162069466057495,-0.12677338698007862,-0.10636218613689348,1333.0,0.001
control_anchor,val_strain_only,residual_pcc_vs_mu_drug,0.10821984362401137,0.09661460698903046,0.11909980296199245,1333,-0.19217957458729987,-0.20255850733478578,-0.1831356933096868,1333.0,0.001
control_anchor,val_strain_only,residual_pcc_vs_batch_aware_mu_ctx,0.27528157540253306,0.2643102186785182,0.2852750248056522,1333,-0.03359500631754758,-0.04447695771114407,-0.02333005703191861,1333.0,0.001
control_anchor,val_strain_only,abundance_pcc,0.9898008266260314,0.9891980584635128,0.9903505242068819,1333,0.008744997846158892,0.008442903669843651,0.009038206503179337,1333.0,0.001
control_anchor,val_both,fold_change_pcc,,,,0,,,,0.0,
control_anchor,val_both,residual_pcc_vs_mu_ctx,0.22056879108287847,0.20264350164575498,0.23855899701086514,269,-0.06021231016408392,-0.07981273863003768,-0.03919997259166476,269.0,0.001
control_anchor,val_both,residual_pcc_vs_mu_drug,0.11367433328567561,0.09976246809094139,0.12712676774938195,269,-0.1535322674963519,-0.16993053763512675,-0.13667752713583722,269.0,0.001
control_anchor,val_both,residual_pcc_vs_batch_aware_mu_ctx,0.3178789242530882,0.29584051874441986,0.34056243202467823,269,0.022984715003936593,0.0011623674961658923,0.04516555411428691,269.0,0.038
control_anchor,val_both,abundance_pcc,0.9914551327230743,0.9905246898181986,0.9922432309042418,269,0.0080642741102784,0.007605439916926356,0.008583141744132307,269.0,0.001
control_anchor,val_time,fold_change_pcc,,,,0,,,,0.0,
control_anchor,val_time,residual_pcc_vs_mu_ctx,0.10772793724166874,0.06606560980008017,0.14942633062593047,139,-0.21573079676970983,-0.264838071969036,-0.16305736884635846,139.0,0.001
control_anchor,val_time,residual_pcc_vs_mu_drug,0.06353354966511875,0.02637301745966208,0.09910207758129086,139,-0.3778534893612434,-0.4096323520048427,-0.346904073569868,139.0,0.001
control_anchor,val_time,residual_pcc_vs_batch_aware_mu_ctx,0.1706903934514478,0.13131311615523897,0.21269128514051944,139,0.17070993790928274,0.13173495530544668,0.2127724530328456,139.0,0.001
control_anchor,val_time,abundance_pcc,0.9873681063772471,0.9845193999495786,0.9898777580205749,139,-0.0023055322054585225,-0.002956810792401199,-0.0017132759016665635,139.0,0.001
blend_ens_delta_benchmark_w0.5,val_chem_only,fold_change_pcc,0.44852471926788934,0.4418826129178744,0.4555321615492784,1065,-0.03804823855906853,-0.039967689947358345,-0.035988276843057505,1065.0,0.001
blend_ens_delta_benchmark_w0.5,val_chem_only,residual_pcc_vs_mu_ctx,0.3855612827777801,0.3765052486861288,0.39582259491947236,1065,-0.06720033089234616,-0.07059432026810462,-0.0638076063138718,1065.0,0.001
blend_ens_delta_benchmark_w0.5,val_chem_only,residual_pcc_vs_mu_drug,0.4285532550960279,0.4215558371847152,0.43618310470056487,1065,-0.05916076209590926,-0.06175227552731226,-0.0564322618740874,1065.0,0.001
blend_ens_delta_benchmark_w0.5,val_chem_only,residual_pcc_vs_batch_aware_mu_ctx,-0.0223415684829086,-0.029389860606496114,-0.01492709390451754,1065,-0.022708152602141245,-0.02978294337401451,-0.015359491111302406,1065.0,0.001
blend_ens_delta_benchmark_w0.5,val_chem_only,abundance_pcc,0.9906797838841238,0.9903923677673437,0.9909522480665308,1065,-0.0025987229702872615,-0.0026904712152536862,-0.002516146708185927,1065.0,0.001
blend_ens_delta_benchmark_w0.5,val_strain_only,fold_change_pcc,0.3439963134677547,0.3370322101288791,0.35178693648148696,1333,0.066327768268389,0.06149870013943771,0.07096758081011835,1333.0,0.001
blend_ens_delta_benchmark_w0.5,val_strain_only,residual_pcc_vs_mu_ctx,0.36322855036649687,0.35759001279247593,0.3694283994321428,1333,0.0684502367718019,0.06470725462627029,0.07244332260796423,1333.0,0.001
blend_ens_delta_benchmark_w0.5,val_strain_only,residual_pcc_vs_mu_drug,0.33672079942879574,0.32884387195600945,0.34415998119730457,1333,0.036321381217484544,0.033285917435220476,0.03939292675916946,1333.0,0.001
blend_ens_delta_benchmark_w0.5,val_strain_only,residual_pcc_vs_batch_aware_mu_ctx,0.3835081928219753,0.3778799269535927,0.3894785662695956,1333,0.07463161110189463,0.0713911144970802,0.07801360719440832,1333.0,0.001
blend_ens_delta_benchmark_w0.5,val_strain_only,abundance_pcc,0.9878024405781711,0.9873386823816347,0.9882235352193167,1333,0.006746611798298403,0.0065403286787557025,0.006939323222537234,1333.0,0.001
blend_ens_delta_benchmark_w0.5,val_both,fold_change_pcc,0.26917365362347523,0.2552927347442185,0.28281968627245774,269,0.023701323389461227,0.016510323131953046,0.031219739594650794,269.0,0.001
blend_ens_delta_benchmark_w0.5,val_both,residual_pcc_vs_mu_ctx,0.2863797355140573,0.27498621220369784,0.2983399506283825,269,0.005598634267094993,-0.000258066403859666,0.011298953508829127,269.0,0.064
blend_ens_delta_benchmark_w0.5,val_both,residual_pcc_vs_mu_drug,0.2684549696106445,0.25570168451152875,0.28198324352535536,269,0.001248368828617016,-0.005746856172041812,0.008213390002569168,269.0,0.754
blend_ens_delta_benchmark_w0.5,val_both,residual_pcc_vs_batch_aware_mu_ctx,0.2832963220735101,0.2720287621042506,0.29463352824997724,269,-0.0115978871756416,-0.017000523295670828,-0.006490719772989836,269.0,0.001
blend_ens_delta_benchmark_w0.5,val_both,abundance_pcc,0.9879715443571597,0.9871861336613599,0.9886510968287449,269,0.004580685744363784,0.004243333274093064,0.00494674120437206,269.0,0.001
blend_ens_delta_benchmark_w0.5,val_time,fold_change_pcc,0.5401324961553483,0.5153239792754164,0.5630773975285776,139,0.06235084917142088,0.04947318089902794,0.07617549959402493,139.0,0.001
blend_ens_delta_benchmark_w0.5,val_time,residual_pcc_vs_mu_ctx,0.4423806404149381,0.4104952557309025,0.4758550998395512,139,0.11892190640355954,0.09748885187240891,0.1423947718925895,139.0,0.001
blend_ens_delta_benchmark_w0.5,val_time,residual_pcc_vs_mu_drug,0.5027679621215496,0.48072388577308883,0.5225342467583308,139,0.06138092309518752,0.04122170395426633,0.08549803973366003,139.0,0.001
blend_ens_delta_benchmark_w0.5,val_time,residual_pcc_vs_batch_aware_mu_ctx,0.3650936840751774,0.33379837545405094,0.398362501307656,139,0.36511322853301226,0.3330916455807366,0.39791219926251464,139.0,0.001
blend_ens_delta_benchmark_w0.5,val_time,abundance_pcc,0.9904752651452536,0.9890391221786355,0.9916905570649701,139,0.0008016265625481397,-0.00019168077142809041,0.0020504376832208558,139.0,0.134
