model,library,target,regime,feature,gain_share
lgb_delta,lgb,delta,full,c_ctrl,0.002591788147051588
lgb_delta,lgb,delta,full,c_ctrl_centered,0.003238921967689105
lgb_delta,lgb,delta,full,d_ctx,0.013164725207424762
lgb_delta,lgb,delta,full,d_ctxb,0.16850132657953037
lgb_delta,lgb,delta,full,d_strain,0.002883957665220011
lgb_delta,lgb,delta,full,d_drug,0.10250273133977682
lgb_delta,lgb,delta,full,d_drug_time,0.028146876851595413
lgb_delta,lgb,delta,full,d_drug_strain,0.32726656269829296
lgb_delta,lgb,delta,full,d_batch,0.006293171474645752
lgb_delta,lgb,delta,full,d_batch_time,0.0011811483583240522
lgb_delta,lgb,delta,full,d_plate,0.04266508844608034
lgb_delta,lgb,delta,full,d_instr,0.0007039424247084785
lgb_delta,lgb,delta,full,d_time,0.0007355988875889217
lgb_delta,lgb,delta,full,d_mtt,0.00599796534569587
lgb_delta,lgb,delta,full,y_ctxb,0.004116040039251877
lgb_delta,lgb,delta,full,y_mtt,0.0020346895209231936
lgb_delta,lgb,delta,full,prot_mean_y,0.00403381037592409
lgb_delta,lgb,delta,full,prot_sd_y,0.0011252168294675054
lgb_delta,lgb,delta,full,prot_detect,0.005743094183316444
lgb_delta,lgb,delta,full,prot_mean_d,0.0015773192994013932
lgb_delta,lgb,delta,full,prot_sd_d,0.00220880646983303
lgb_delta,lgb,delta,full,prot_mean_absd,0.0015527555356852772
lgb_delta,lgb,delta,full,pert_time_num,0.004923155984774325
lgb_delta,lgb,delta,full,temperature_num,0.0012807393696030718
lgb_delta,lgb,delta,full,well_row,0.005270736347119738
lgb_delta,lgb,delta,full,well_col,0.009527856474301545
lgb_delta,lgb,delta,full,ctrl_median,0.009370695320653653
lgb_delta,lgb,delta,full,ctrl_detect,0.010363627792103904
lgb_delta,lgb,delta,full,has_drug_prior,0.0
lgb_delta,lgb,delta,full,has_strain_prior,0.0
lgb_delta,lgb,delta,full,data_source,0.0011635087672134962
lgb_delta,lgb,delta,full,instrument,0.002557715260383824
lgb_delta,lgb,delta,full,Strains,0.014757667321008838
lgb_delta,lgb,delta,full,Medium,0.0017641456361831666
lgb_delta,lgb,delta,full,perturbation_no_concentration,0.04453446117493837
lgb_delta,lgb,delta,full,Yeast_cell_plate,0.13595896398752474
lgb_delta,lgb,delta,full,pert_id,0.03026118891676405
xgb_delta,xgb,delta,full,c_ctrl,0.0025558933731752893
xgb_delta,xgb,delta,full,c_ctrl_centered,0.0029809344053052574
xgb_delta,xgb,delta,full,d_ctx,0.015379561545675656
xgb_delta,xgb,delta,full,d_ctxb,0.15180478189797222
xgb_delta,xgb,delta,full,d_strain,0.003729899759562215
xgb_delta,xgb,delta,full,d_drug,0.1257621182405408
xgb_delta,xgb,delta,full,d_drug_time,0.03508403306816627
xgb_delta,xgb,delta,full,d_drug_strain,0.24809643700470532
xgb_delta,xgb,delta,full,d_batch,0.006355422814377197
xgb_delta,xgb,delta,full,d_batch_time,0.007963556397860432
xgb_delta,xgb,delta,full,d_plate,0.05294857905466473
xgb_delta,xgb,delta,full,d_instr,0.0010818239212528691
xgb_delta,xgb,delta,full,d_time,0.0010176449403127717
xgb_delta,xgb,delta,full,d_mtt,0.005108374806098136
xgb_delta,xgb,delta,full,y_ctxb,0.005315229718960126
xgb_delta,xgb,delta,full,y_mtt,0.0023773731012787544
xgb_delta,xgb,delta,full,prot_mean_y,0.004203573191910255
xgb_delta,xgb,delta,full,prot_sd_y,0.0010852865922905317
xgb_delta,xgb,delta,full,prot_detect,0.006245832701951351
xgb_delta,xgb,delta,full,prot_mean_d,0.0017325203866878688
xgb_delta,xgb,delta,full,prot_sd_d,0.00251951876490362
xgb_delta,xgb,delta,full,prot_mean_absd,0.0012220207604022332
xgb_delta,xgb,delta,full,pert_time_num,0.004531642554974846
xgb_delta,xgb,delta,full,temperature_num,0.0010742796454473156
xgb_delta,xgb,delta,full,well_row,0.018833669154190973
xgb_delta,xgb,delta,full,well_col,0.026121878462637006
xgb_delta,xgb,delta,full,ctrl_median,0.00963260249868375
xgb_delta,xgb,delta,full,ctrl_detect,0.008054150871438546
xgb_delta,xgb,delta,full,has_drug_prior,0.0
xgb_delta,xgb,delta,full,has_strain_prior,0.0
xgb_delta,xgb,delta,full,data_source,0.0009171416281224929
xgb_delta,xgb,delta,full,instrument,0.0015857557712838687
xgb_delta,xgb,delta,full,Strains,0.02014412138721439
xgb_delta,xgb,delta,full,Medium,0.0010010893705566298
xgb_delta,xgb,delta,full,perturbation_no_concentration,0.05389131567984532
xgb_delta,xgb,delta,full,Yeast_cell_plate,0.14903400326441985
xgb_delta,xgb,delta,full,pert_id,0.020607933263131123
cat_delta,cat,delta,full,c_ctrl,0.010713681328197052
cat_delta,cat,delta,full,c_ctrl_centered,0.007052603491766467
cat_delta,cat,delta,full,d_ctx,0.008970267630202623
cat_delta,cat,delta,full,d_ctxb,0.18953964425911538
cat_delta,cat,delta,full,d_strain,0.007798335494947604
cat_delta,cat,delta,full,d_drug,0.08183496390413571
cat_delta,cat,delta,full,d_drug_time,0.02502600557228569
cat_delta,cat,delta,full,d_drug_strain,0.22627018335245822
cat_delta,cat,delta,full,d_batch,0.015853107986823423
cat_delta,cat,delta,full,d_batch_time,0.0013073726313507208
cat_delta,cat,delta,full,d_plate,0.031475781146400136
cat_delta,cat,delta,full,d_instr,0.0010113685425071595
cat_delta,cat,delta,full,d_time,0.0012275175375464713
cat_delta,cat,delta,full,d_mtt,0.0006324612424728243
cat_delta,cat,delta,full,y_ctxb,0.021043210039748544
cat_delta,cat,delta,full,y_mtt,0.002086773130224591
cat_delta,cat,delta,full,prot_mean_y,0.008848026292520236
cat_delta,cat,delta,full,prot_sd_y,0.00010118451948086517
cat_delta,cat,delta,full,prot_detect,0.01819114420016104
cat_delta,cat,delta,full,prot_mean_d,0.0009331342794878436
cat_delta,cat,delta,full,prot_sd_d,0.002670657104195589
cat_delta,cat,delta,full,prot_mean_absd,0.0009260356941293899
cat_delta,cat,delta,full,pert_time_num,0.010705959142690787
cat_delta,cat,delta,full,temperature_num,0.0016759880941097577
cat_delta,cat,delta,full,well_row,0.0044063958714604485
cat_delta,cat,delta,full,well_col,0.016429894072929066
cat_delta,cat,delta,full,ctrl_median,0.006764521284175863
cat_delta,cat,delta,full,ctrl_detect,0.005015284702737597
cat_delta,cat,delta,full,has_drug_prior,0.0
cat_delta,cat,delta,full,has_strain_prior,0.0
cat_delta,cat,delta,full,data_source,0.019009560011520193
cat_delta,cat,delta,full,instrument,0.004264855618412707
cat_delta,cat,delta,full,Strains,0.03532857180912799
cat_delta,cat,delta,full,Medium,0.004403024797008388
cat_delta,cat,delta,full,perturbation_no_concentration,0.10454286446911
cat_delta,cat,delta,full,Yeast_cell_plate,0.08255648702718062
cat_delta,cat,delta,full,pert_id,0.04138313371937916
lgb_abs,lgb,abs,full,c_ctrl,0.4896384560793711
lgb_abs,lgb,abs,full,c_ctrl_centered,0.22825665013190066
lgb_abs,lgb,abs,full,d_ctx,5.7037820350805044e-05
lgb_abs,lgb,abs,full,d_ctxb,0.0006219249033580067
lgb_abs,lgb,abs,full,d_strain,7.012301122422055e-05
lgb_abs,lgb,abs,full,d_drug,0.0016258589886682733
lgb_abs,lgb,abs,full,d_drug_time,0.0006305525148923889
lgb_abs,lgb,abs,full,d_drug_strain,0.006240129350918289
lgb_abs,lgb,abs,full,d_batch,7.008071923088895e-05
lgb_abs,lgb,abs,full,d_batch_time,1.4666157842029015e-05
lgb_abs,lgb,abs,full,d_plate,0.00029566908485677724
lgb_abs,lgb,abs,full,d_instr,3.418680540352101e-05
lgb_abs,lgb,abs,full,d_time,5.667589259874899e-06
lgb_abs,lgb,abs,full,d_mtt,2.567582931195016e-05
lgb_abs,lgb,abs,full,y_ctxb,0.10133993517318161
lgb_abs,lgb,abs,full,y_mtt,0.15392717313971588
lgb_abs,lgb,abs,full,prot_mean_y,0.01169109115727334
lgb_abs,lgb,abs,full,prot_sd_y,0.0002459370734428158
lgb_abs,lgb,abs,full,prot_detect,0.00010463905085742444
lgb_abs,lgb,abs,full,prot_mean_d,3.436127059075513e-05
lgb_abs,lgb,abs,full,prot_sd_d,9.72531963863236e-05
lgb_abs,lgb,abs,full,prot_mean_absd,3.89892950974213e-05
lgb_abs,lgb,abs,full,pert_time_num,9.068811537196805e-05
lgb_abs,lgb,abs,full,temperature_num,1.9995416024491882e-05
lgb_abs,lgb,abs,full,well_row,0.00010696462965418436
lgb_abs,lgb,abs,full,well_col,0.00018036461106430592
lgb_abs,lgb,abs,full,ctrl_median,0.00013911348641491004
lgb_abs,lgb,abs,full,ctrl_detect,0.00016678084057514324
lgb_abs,lgb,abs,full,has_drug_prior,0.0
lgb_abs,lgb,abs,full,has_strain_prior,0.0
lgb_abs,lgb,abs,full,data_source,3.067423522273065e-05
lgb_abs,lgb,abs,full,instrument,9.426241856824215e-05
lgb_abs,lgb,abs,full,Strains,0.00014299758256833273
lgb_abs,lgb,abs,full,Medium,2.7756823822303798e-05
lgb_abs,lgb,abs,full,perturbation_no_concentration,0.0008557953087925956
lgb_abs,lgb,abs,full,Yeast_cell_plate,0.0025797132190109426
lgb_abs,lgb,abs,full,pert_id,0.0004988349697754493
xgb_abs,xgb,abs,full,c_ctrl,0.26406143368248775
xgb_abs,xgb,abs,full,c_ctrl_centered,0.4418035072336599
xgb_abs,xgb,abs,full,d_ctx,4.057673527445987e-05
xgb_abs,xgb,abs,full,d_ctxb,0.0005721896150665098
xgb_abs,xgb,abs,full,d_strain,5.749810654538731e-05
xgb_abs,xgb,abs,full,d_drug,0.002083489319555257
xgb_abs,xgb,abs,full,d_drug_time,0.0006894279479318426
xgb_abs,xgb,abs,full,d_drug_strain,0.005202365157072491
xgb_abs,xgb,abs,full,d_batch,8.596236701864165e-05
xgb_abs,xgb,abs,full,d_batch_time,1.7764582974497772e-05
xgb_abs,xgb,abs,full,d_plate,0.0002400398611797274
xgb_abs,xgb,abs,full,d_instr,2.5399668369434896e-05
xgb_abs,xgb,abs,full,d_time,1.0868187062128072e-05
xgb_abs,xgb,abs,full,d_mtt,2.6223554356560764e-05
xgb_abs,xgb,abs,full,y_ctxb,0.26307526023972555
xgb_abs,xgb,abs,full,y_mtt,0.012037877803689359
xgb_abs,xgb,abs,full,prot_mean_y,0.0015472374364551673
xgb_abs,xgb,abs,full,prot_sd_y,0.00023169975386112162
xgb_abs,xgb,abs,full,prot_detect,0.002738178399838859
xgb_abs,xgb,abs,full,prot_mean_d,3.7959475706102324e-05
xgb_abs,xgb,abs,full,prot_sd_d,0.00010206668870378078
xgb_abs,xgb,abs,full,prot_mean_absd,7.55410598809824e-05
xgb_abs,xgb,abs,full,pert_time_num,7.575733751043357e-05
xgb_abs,xgb,abs,full,temperature_num,2.152259573197738e-05
xgb_abs,xgb,abs,full,well_row,0.00010933502693228916
xgb_abs,xgb,abs,full,well_col,0.00017865663118957879
xgb_abs,xgb,abs,full,ctrl_median,0.0001558894359580107
xgb_abs,xgb,abs,full,ctrl_detect,0.0001267100810340918
xgb_abs,xgb,abs,full,has_drug_prior,0.0
xgb_abs,xgb,abs,full,has_strain_prior,0.0
xgb_abs,xgb,abs,full,data_source,2.7912722630369124e-05
xgb_abs,xgb,abs,full,instrument,3.498076288813069e-05
xgb_abs,xgb,abs,full,Strains,0.00032043594090950617
xgb_abs,xgb,abs,full,Medium,2.2128893493114255e-05
xgb_abs,xgb,abs,full,perturbation_no_concentration,0.0010462464884598342
xgb_abs,xgb,abs,full,Yeast_cell_plate,0.002672892594685962
xgb_abs,xgb,abs,full,pert_id,0.0004449646121612195
cat_abs,cat,abs,full,c_ctrl,0.36068450383055817
cat_abs,cat,abs,full,c_ctrl_centered,0.2435291608083023
cat_abs,cat,abs,full,d_ctx,0.00023385352249202747
cat_abs,cat,abs,full,d_ctxb,0.003439330140326295
cat_abs,cat,abs,full,d_strain,0.0007015016734801719
cat_abs,cat,abs,full,d_drug,0.003162488146676228
cat_abs,cat,abs,full,d_drug_time,0.0037867130694724913
cat_abs,cat,abs,full,d_drug_strain,0.03351490306586897
cat_abs,cat,abs,full,d_batch,0.0007502164217379728
cat_abs,cat,abs,full,d_batch_time,0.00010030233828882548
cat_abs,cat,abs,full,d_plate,0.00131601537331928
cat_abs,cat,abs,full,d_instr,3.9752181355445135e-05
cat_abs,cat,abs,full,d_time,1.2763955159133862e-05
cat_abs,cat,abs,full,d_mtt,3.5956300747181275e-05
cat_abs,cat,abs,full,y_ctxb,0.2811814565893905
cat_abs,cat,abs,full,y_mtt,0.026669962212798957
cat_abs,cat,abs,full,prot_mean_y,0.022113206616759612
cat_abs,cat,abs,full,prot_sd_y,0.0008039654639959968
cat_abs,cat,abs,full,prot_detect,0.0026212636012874872
cat_abs,cat,abs,full,prot_mean_d,0.00046828094488703315
cat_abs,cat,abs,full,prot_sd_d,0.0005227152427523046
cat_abs,cat,abs,full,prot_mean_absd,0.00048132461165307513
cat_abs,cat,abs,full,pert_time_num,0.0005667716157093043
cat_abs,cat,abs,full,temperature_num,0.0001009342758919224
cat_abs,cat,abs,full,well_row,0.0006042074210841034
cat_abs,cat,abs,full,well_col,0.000810309591852175
cat_abs,cat,abs,full,ctrl_median,0.0005719173648842555
cat_abs,cat,abs,full,ctrl_detect,0.00036131552514013496
cat_abs,cat,abs,full,has_drug_prior,0.0
cat_abs,cat,abs,full,has_strain_prior,0.0
cat_abs,cat,abs,full,data_source,0.0006747847552013214
cat_abs,cat,abs,full,instrument,0.00021236187006826437
cat_abs,cat,abs,full,Strains,0.002046675398777721
cat_abs,cat,abs,full,Medium,0.00024079337213596708
cat_abs,cat,abs,full,perturbation_no_concentration,0.002700104932454016
cat_abs,cat,abs,full,Yeast_cell_plate,0.0032792311120732795
cat_abs,cat,abs,full,pert_id,0.0016609566534180919
lgb_delta,lgb,delta,chem_novel,c_ctrl,0.003772345770204748
lgb_delta,lgb,delta,chem_novel,c_ctrl_centered,0.004629388262439387
lgb_delta,lgb,delta,chem_novel,d_ctx,0.03010151867493251
lgb_delta,lgb,delta,chem_novel,d_ctxb,0.2037696742071836
lgb_delta,lgb,delta,chem_novel,d_strain,0.015047717518045694
lgb_delta,lgb,delta,chem_novel,d_drug,0.0
lgb_delta,lgb,delta,chem_novel,d_drug_time,0.0
lgb_delta,lgb,delta,chem_novel,d_drug_strain,0.0
lgb_delta,lgb,delta,chem_novel,d_batch,0.018154233953875287
lgb_delta,lgb,delta,chem_novel,d_batch_time,0.007377348782522405
lgb_delta,lgb,delta,chem_novel,d_plate,0.06352587407511812
lgb_delta,lgb,delta,chem_novel,d_instr,0.005316778366368651
lgb_delta,lgb,delta,chem_novel,d_time,0.0011711539570695118
lgb_delta,lgb,delta,chem_novel,d_mtt,0.0026030290078777802
lgb_delta,lgb,delta,chem_novel,y_ctxb,0.006320681723365843
lgb_delta,lgb,delta,chem_novel,y_mtt,0.003557606643077579
lgb_delta,lgb,delta,chem_novel,prot_mean_y,0.010847132151328551
lgb_delta,lgb,delta,chem_novel,prot_sd_y,0.002276589875778754
lgb_delta,lgb,delta,chem_novel,prot_detect,0.012508274202241067
lgb_delta,lgb,delta,chem_novel,prot_mean_d,0.0033930712851808088
lgb_delta,lgb,delta,chem_novel,prot_sd_d,0.007003661914102461
lgb_delta,lgb,delta,chem_novel,prot_mean_absd,0.0038719591037166315
lgb_delta,lgb,delta,chem_novel,pert_time_num,0.0076579413405757
lgb_delta,lgb,delta,chem_novel,temperature_num,0.002145183175663608
lgb_delta,lgb,delta,chem_novel,well_row,0.0346290970793529
lgb_delta,lgb,delta,chem_novel,well_col,0.0637993268768015
lgb_delta,lgb,delta,chem_novel,ctrl_median,0.024735889416625183
lgb_delta,lgb,delta,chem_novel,ctrl_detect,0.012399951382680605
lgb_delta,lgb,delta,chem_novel,has_drug_prior,0.0
lgb_delta,lgb,delta,chem_novel,has_strain_prior,0.0
lgb_delta,lgb,delta,chem_novel,data_source,0.007585095656875507
lgb_delta,lgb,delta,chem_novel,instrument,0.003471995197228568
lgb_delta,lgb,delta,chem_novel,Strains,0.02746204159305192
lgb_delta,lgb,delta,chem_novel,Medium,0.0014986283295961489
lgb_delta,lgb,delta,chem_novel,perturbation_no_concentration,0.0
lgb_delta,lgb,delta,chem_novel,Yeast_cell_plate,0.18553638468552763
lgb_delta,lgb,delta,chem_novel,pert_id,0.22383042579159138
xgb_delta,xgb,delta,chem_novel,c_ctrl,0.004322063236512724
xgb_delta,xgb,delta,chem_novel,c_ctrl_centered,0.004941351940567238
xgb_delta,xgb,delta,chem_novel,d_ctx,0.017530781072890415
xgb_delta,xgb,delta,chem_novel,d_ctxb,0.17918323485975393
xgb_delta,xgb,delta,chem_novel,d_strain,0.01889334622653251
xgb_delta,xgb,delta,chem_novel,d_drug,0.0
xgb_delta,xgb,delta,chem_novel,d_drug_time,0.0
xgb_delta,xgb,delta,chem_novel,d_drug_strain,0.0
xgb_delta,xgb,delta,chem_novel,d_batch,0.017962372983608886
xgb_delta,xgb,delta,chem_novel,d_batch_time,0.015245664066919351
xgb_delta,xgb,delta,chem_novel,d_plate,0.08306560537027848
xgb_delta,xgb,delta,chem_novel,d_instr,0.004563706840059777
xgb_delta,xgb,delta,chem_novel,d_time,0.001701765180073377
xgb_delta,xgb,delta,chem_novel,d_mtt,0.008276971272128881
xgb_delta,xgb,delta,chem_novel,y_ctxb,0.008131438076114892
xgb_delta,xgb,delta,chem_novel,y_mtt,0.005054032998746877
xgb_delta,xgb,delta,chem_novel,prot_mean_y,0.00796461373501799
xgb_delta,xgb,delta,chem_novel,prot_sd_y,0.0028425679063039315
xgb_delta,xgb,delta,chem_novel,prot_detect,0.014195038945887362
xgb_delta,xgb,delta,chem_novel,prot_mean_d,0.00303198363776253
xgb_delta,xgb,delta,chem_novel,prot_sd_d,0.007257492620638647
xgb_delta,xgb,delta,chem_novel,prot_mean_absd,0.0039037498702681017
xgb_delta,xgb,delta,chem_novel,pert_time_num,0.006032535207553448
xgb_delta,xgb,delta,chem_novel,temperature_num,0.0024942378407467685
xgb_delta,xgb,delta,chem_novel,well_row,0.061128534083155994
xgb_delta,xgb,delta,chem_novel,well_col,0.07586932350438164
xgb_delta,xgb,delta,chem_novel,ctrl_median,0.01993900565835967
xgb_delta,xgb,delta,chem_novel,ctrl_detect,0.014720330908458347
xgb_delta,xgb,delta,chem_novel,has_drug_prior,0.0
xgb_delta,xgb,delta,chem_novel,has_strain_prior,0.0
xgb_delta,xgb,delta,chem_novel,data_source,0.010139041345646192
xgb_delta,xgb,delta,chem_novel,instrument,0.0026256560968851883
xgb_delta,xgb,delta,chem_novel,Strains,0.036161530436313996
xgb_delta,xgb,delta,chem_novel,Medium,0.0017954279971791416
xgb_delta,xgb,delta,chem_novel,perturbation_no_concentration,0.0
xgb_delta,xgb,delta,chem_novel,Yeast_cell_plate,0.16539580706322096
xgb_delta,xgb,delta,chem_novel,pert_id,0.19563078901803274
cat_delta,cat,delta,chem_novel,c_ctrl,0.006777565297857386
cat_delta,cat,delta,chem_novel,c_ctrl_centered,0.007623742663026311
cat_delta,cat,delta,chem_novel,d_ctx,0.015383668048978567
cat_delta,cat,delta,chem_novel,d_ctxb,0.2136482862291494
cat_delta,cat,delta,chem_novel,d_strain,0.02256889429732393
cat_delta,cat,delta,chem_novel,d_drug,0.0
cat_delta,cat,delta,chem_novel,d_drug_time,0.0
cat_delta,cat,delta,chem_novel,d_drug_strain,0.0
cat_delta,cat,delta,chem_novel,d_batch,0.028162347613681343
cat_delta,cat,delta,chem_novel,d_batch_time,0.007158161456932252
cat_delta,cat,delta,chem_novel,d_plate,0.06577693748072878
cat_delta,cat,delta,chem_novel,d_instr,0.0034530014666400324
cat_delta,cat,delta,chem_novel,d_time,0.0006687366969152617
cat_delta,cat,delta,chem_novel,d_mtt,0.0013551204948494225
cat_delta,cat,delta,chem_novel,y_ctxb,0.016205112607821055
cat_delta,cat,delta,chem_novel,y_mtt,0.0026825425242414957
cat_delta,cat,delta,chem_novel,prot_mean_y,0.018007507633565154
cat_delta,cat,delta,chem_novel,prot_sd_y,0.0011752101872073185
cat_delta,cat,delta,chem_novel,prot_detect,0.026395099318877163
cat_delta,cat,delta,chem_novel,prot_mean_d,0.0012510879015931128
cat_delta,cat,delta,chem_novel,prot_sd_d,0.0075005286107834605
cat_delta,cat,delta,chem_novel,prot_mean_absd,0.004349912992462896
cat_delta,cat,delta,chem_novel,pert_time_num,0.002097454668252426
cat_delta,cat,delta,chem_novel,temperature_num,7.936930331618322e-06
cat_delta,cat,delta,chem_novel,well_row,0.009017604997232767
cat_delta,cat,delta,chem_novel,well_col,0.019789914434122428
cat_delta,cat,delta,chem_novel,ctrl_median,0.004948894250692163
cat_delta,cat,delta,chem_novel,ctrl_detect,0.0031013806842055233
cat_delta,cat,delta,chem_novel,has_drug_prior,0.0
cat_delta,cat,delta,chem_novel,has_strain_prior,0.0
cat_delta,cat,delta,chem_novel,data_source,0.0656518782190348
cat_delta,cat,delta,chem_novel,instrument,0.0015031041871091243
cat_delta,cat,delta,chem_novel,Strains,0.1078232883550169
cat_delta,cat,delta,chem_novel,Medium,0.00013480432184086036
cat_delta,cat,delta,chem_novel,perturbation_no_concentration,0.0
cat_delta,cat,delta,chem_novel,Yeast_cell_plate,0.10238645962192937
cat_delta,cat,delta,chem_novel,pert_id,0.2333938158075979
lgb_abs,lgb,abs,chem_novel,c_ctrl,0.42261464604217025
lgb_abs,lgb,abs,chem_novel,c_ctrl_centered,0.3356125060182016
lgb_abs,lgb,abs,chem_novel,d_ctx,0.00012061326717103941
lgb_abs,lgb,abs,chem_novel,d_ctxb,0.000609415818823956
lgb_abs,lgb,abs,chem_novel,d_strain,0.00022002475343496977
lgb_abs,lgb,abs,chem_novel,d_drug,0.0
lgb_abs,lgb,abs,chem_novel,d_drug_time,0.0
lgb_abs,lgb,abs,chem_novel,d_drug_strain,0.0
lgb_abs,lgb,abs,chem_novel,d_batch,0.00032774555349091684
lgb_abs,lgb,abs,chem_novel,d_batch_time,5.6414903458044975e-05
lgb_abs,lgb,abs,chem_novel,d_plate,0.0007375833482389729
lgb_abs,lgb,abs,chem_novel,d_instr,7.885308495518137e-05
lgb_abs,lgb,abs,chem_novel,d_time,2.0141090159823545e-05
lgb_abs,lgb,abs,chem_novel,d_mtt,5.2905362751123745e-05
lgb_abs,lgb,abs,chem_novel,y_ctxb,0.21439591567837377
lgb_abs,lgb,abs,chem_novel,y_mtt,0.01350626892176326
lgb_abs,lgb,abs,chem_novel,prot_mean_y,0.00033294180571770356
lgb_abs,lgb,abs,chem_novel,prot_sd_y,0.0002669395331264654
lgb_abs,lgb,abs,chem_novel,prot_detect,0.0005102683353411106
lgb_abs,lgb,abs,chem_novel,prot_mean_d,0.00014773891212411337
lgb_abs,lgb,abs,chem_novel,prot_sd_d,0.0001363620263268226
lgb_abs,lgb,abs,chem_novel,prot_mean_absd,6.111777382579793e-05
lgb_abs,lgb,abs,chem_novel,pert_time_num,7.644006242275915e-05
lgb_abs,lgb,abs,chem_novel,temperature_num,2.543376470683232e-05
lgb_abs,lgb,abs,chem_novel,well_row,0.000496668315285224
lgb_abs,lgb,abs,chem_novel,well_col,0.0008933603848259914
lgb_abs,lgb,abs,chem_novel,ctrl_median,0.00020644465216593423
lgb_abs,lgb,abs,chem_novel,ctrl_detect,0.0001349743878094684
lgb_abs,lgb,abs,chem_novel,has_drug_prior,0.0
lgb_abs,lgb,abs,chem_novel,has_strain_prior,0.0
lgb_abs,lgb,abs,chem_novel,data_source,0.0001227730400373911
lgb_abs,lgb,abs,chem_novel,instrument,5.494401047894265e-05
lgb_abs,lgb,abs,chem_novel,Strains,0.00038724125384059733
lgb_abs,lgb,abs,chem_novel,Medium,3.4967704926458513e-05
lgb_abs,lgb,abs,chem_novel,perturbation_no_concentration,0.0
lgb_abs,lgb,abs,chem_novel,Yeast_cell_plate,0.003191683580087274
lgb_abs,lgb,abs,chem_novel,pert_id,0.004566666613958185
xgb_abs,xgb,abs,chem_novel,c_ctrl,0.26177323894193266
xgb_abs,xgb,abs,chem_novel,c_ctrl_centered,0.4493163598518518
xgb_abs,xgb,abs,chem_novel,d_ctx,4.588151342168337e-05
xgb_abs,xgb,abs,chem_novel,d_ctxb,0.0007022259029207567
xgb_abs,xgb,abs,chem_novel,d_strain,0.0003773601019098026
xgb_abs,xgb,abs,chem_novel,d_drug,0.0
xgb_abs,xgb,abs,chem_novel,d_drug_time,0.0
xgb_abs,xgb,abs,chem_novel,d_drug_strain,0.0
xgb_abs,xgb,abs,chem_novel,d_batch,0.0002787666581142119
xgb_abs,xgb,abs,chem_novel,d_batch_time,6.950402384114748e-05
xgb_abs,xgb,abs,chem_novel,d_plate,0.0006353815249542966
xgb_abs,xgb,abs,chem_novel,d_instr,8.390010092176553e-05
xgb_abs,xgb,abs,chem_novel,d_time,2.39891960407974e-05
xgb_abs,xgb,abs,chem_novel,d_mtt,5.1795030503645475e-05
xgb_abs,xgb,abs,chem_novel,y_ctxb,0.25925569715530034
xgb_abs,xgb,abs,chem_novel,y_mtt,0.012048353357560744
xgb_abs,xgb,abs,chem_novel,prot_mean_y,0.0016361269210177628
xgb_abs,xgb,abs,chem_novel,prot_sd_y,0.0002703530878119028
xgb_abs,xgb,abs,chem_novel,prot_detect,0.0027674920380350793
xgb_abs,xgb,abs,chem_novel,prot_mean_d,5.7748639308493355e-05
xgb_abs,xgb,abs,chem_novel,prot_sd_d,0.0001636513227530341
xgb_abs,xgb,abs,chem_novel,prot_mean_absd,0.00011663683190148977
xgb_abs,xgb,abs,chem_novel,pert_time_num,0.00010416362280920038
xgb_abs,xgb,abs,chem_novel,temperature_num,2.6513448475048285e-05
xgb_abs,xgb,abs,chem_novel,well_row,0.0005147704818752515
xgb_abs,xgb,abs,chem_novel,well_col,0.0007566304569031104
xgb_abs,xgb,abs,chem_novel,ctrl_median,0.0002263577917098968
xgb_abs,xgb,abs,chem_novel,ctrl_detect,0.00015537342633708157
xgb_abs,xgb,abs,chem_novel,has_drug_prior,0.0
xgb_abs,xgb,abs,chem_novel,has_strain_prior,0.0
xgb_abs,xgb,abs,chem_novel,data_source,0.00018326961256096407
xgb_abs,xgb,abs,chem_novel,instrument,4.964641559331883e-05
xgb_abs,xgb,abs,chem_novel,Strains,0.0005318102521031259
xgb_abs,xgb,abs,chem_novel,Medium,3.304484641693265e-05
xgb_abs,xgb,abs,chem_novel,perturbation_no_concentration,0.0
xgb_abs,xgb,abs,chem_novel,Yeast_cell_plate,0.0032292903253993994
xgb_abs,xgb,abs,chem_novel,pert_id,0.004514667119715266
cat_abs,cat,abs,chem_novel,c_ctrl,0.3116223360592695
cat_abs,cat,abs,chem_novel,c_ctrl_centered,0.3275116967261129
cat_abs,cat,abs,chem_novel,d_ctx,0.0005205557904915414
cat_abs,cat,abs,chem_novel,d_ctxb,0.005649299320874422
cat_abs,cat,abs,chem_novel,d_strain,0.002137056281260382
cat_abs,cat,abs,chem_novel,d_drug,0.0
cat_abs,cat,abs,chem_novel,d_drug_time,0.0
cat_abs,cat,abs,chem_novel,d_drug_strain,0.0
cat_abs,cat,abs,chem_novel,d_batch,0.0012853965143100827
cat_abs,cat,abs,chem_novel,d_batch_time,0.0003027110919890772
cat_abs,cat,abs,chem_novel,d_plate,0.00471184334073765
cat_abs,cat,abs,chem_novel,d_instr,0.00013582076168285105
cat_abs,cat,abs,chem_novel,d_time,1.644468670939468e-05
cat_abs,cat,abs,chem_novel,d_mtt,4.1208112075941236e-05
cat_abs,cat,abs,chem_novel,y_ctxb,0.22663982456202095
cat_abs,cat,abs,chem_novel,y_mtt,0.04403465088382677
cat_abs,cat,abs,chem_novel,prot_mean_y,0.03613907310002266
cat_abs,cat,abs,chem_novel,prot_sd_y,0.0011119230067537969
cat_abs,cat,abs,chem_novel,prot_detect,0.0008413617352372924
cat_abs,cat,abs,chem_novel,prot_mean_d,0.000741446813845733
cat_abs,cat,abs,chem_novel,prot_sd_d,0.0005732082275565892
cat_abs,cat,abs,chem_novel,prot_mean_absd,0.0006743556294681702
cat_abs,cat,abs,chem_novel,pert_time_num,0.00011182497519770024
cat_abs,cat,abs,chem_novel,temperature_num,4.750924762841076e-05
cat_abs,cat,abs,chem_novel,well_row,0.0031688498803489774
cat_abs,cat,abs,chem_novel,well_col,0.004367103270285287
cat_abs,cat,abs,chem_novel,ctrl_median,0.000673464574985244
cat_abs,cat,abs,chem_novel,ctrl_detect,0.00025302692710801113
cat_abs,cat,abs,chem_novel,has_drug_prior,0.0
cat_abs,cat,abs,chem_novel,has_strain_prior,0.0
cat_abs,cat,abs,chem_novel,data_source,0.004228994647899815
cat_abs,cat,abs,chem_novel,instrument,9.117006523115015e-05
cat_abs,cat,abs,chem_novel,Strains,0.003684853702586372
cat_abs,cat,abs,chem_novel,Medium,3.144318697225062e-05
cat_abs,cat,abs,chem_novel,perturbation_no_concentration,0.0
cat_abs,cat,abs,chem_novel,Yeast_cell_plate,0.004619798884989472
cat_abs,cat,abs,chem_novel,pert_id,0.014031747992521538
lgb_delta,lgb,delta,strain_novel,c_ctrl,0.004839756086246796
lgb_delta,lgb,delta,strain_novel,c_ctrl_centered,0.0048172837838984335
lgb_delta,lgb,delta,strain_novel,d_ctx,0.0
lgb_delta,lgb,delta,strain_novel,d_ctxb,0.0
lgb_delta,lgb,delta,strain_novel,d_strain,0.0
lgb_delta,lgb,delta,strain_novel,d_drug,0.30868038251280366
lgb_delta,lgb,delta,strain_novel,d_drug_time,0.03821267017505804
lgb_delta,lgb,delta,strain_novel,d_drug_strain,0.0
lgb_delta,lgb,delta,strain_novel,d_batch,0.006226033399012082
lgb_delta,lgb,delta,strain_novel,d_batch_time,0.0030591014295627576
lgb_delta,lgb,delta,strain_novel,d_plate,0.1636765917502634
lgb_delta,lgb,delta,strain_novel,d_instr,0.001990325331395381
lgb_delta,lgb,delta,strain_novel,d_time,0.0010446599536639047
lgb_delta,lgb,delta,strain_novel,d_mtt,0.011090986627230494
lgb_delta,lgb,delta,strain_novel,y_ctxb,0.0
lgb_delta,lgb,delta,strain_novel,y_mtt,0.005534226808282729
lgb_delta,lgb,delta,strain_novel,prot_mean_y,0.00878117959130256
lgb_delta,lgb,delta,strain_novel,prot_sd_y,0.003267334044431699
lgb_delta,lgb,delta,strain_novel,prot_detect,0.012328998641777085
lgb_delta,lgb,delta,strain_novel,prot_mean_d,0.002083410571626067
lgb_delta,lgb,delta,strain_novel,prot_sd_d,0.005725665973188137
lgb_delta,lgb,delta,strain_novel,prot_mean_absd,0.004069104564563732
lgb_delta,lgb,delta,strain_novel,pert_time_num,0.0027193931472169687
lgb_delta,lgb,delta,strain_novel,temperature_num,0.0005536895340764837
lgb_delta,lgb,delta,strain_novel,well_row,0.006212487409389352
lgb_delta,lgb,delta,strain_novel,well_col,0.031188687930443777
lgb_delta,lgb,delta,strain_novel,ctrl_median,0.009997558902266326
lgb_delta,lgb,delta,strain_novel,ctrl_detect,0.0064896159139292775
lgb_delta,lgb,delta,strain_novel,has_drug_prior,0.0
lgb_delta,lgb,delta,strain_novel,has_strain_prior,0.0
lgb_delta,lgb,delta,strain_novel,data_source,0.00040871178966103824
lgb_delta,lgb,delta,strain_novel,instrument,0.001870871181078324
lgb_delta,lgb,delta,strain_novel,Strains,0.0
lgb_delta,lgb,delta,strain_novel,Medium,0.00047069340012852287
lgb_delta,lgb,delta,strain_novel,perturbation_no_concentration,0.0715140983059767
lgb_delta,lgb,delta,strain_novel,Yeast_cell_plate,0.24374153454590697
lgb_delta,lgb,delta,strain_novel,pert_id,0.03940494669561926
xgb_delta,xgb,delta,strain_novel,c_ctrl,0.005191877188940627
xgb_delta,xgb,delta,strain_novel,c_ctrl_centered,0.004935752819596531
xgb_delta,xgb,delta,strain_novel,d_ctx,0.0
xgb_delta,xgb,delta,strain_novel,d_ctxb,0.0
xgb_delta,xgb,delta,strain_novel,d_strain,0.0
xgb_delta,xgb,delta,strain_novel,d_drug,0.3199760405196228
xgb_delta,xgb,delta,strain_novel,d_drug_time,0.026808777441865
xgb_delta,xgb,delta,strain_novel,d_drug_strain,0.0
xgb_delta,xgb,delta,strain_novel,d_batch,0.006030540529614799
xgb_delta,xgb,delta,strain_novel,d_batch_time,0.0016171866561232873
xgb_delta,xgb,delta,strain_novel,d_plate,0.18292205829988667
xgb_delta,xgb,delta,strain_novel,d_instr,0.0021126946797483544
xgb_delta,xgb,delta,strain_novel,d_time,0.0011504562199223377
xgb_delta,xgb,delta,strain_novel,d_mtt,0.005354799217826571
xgb_delta,xgb,delta,strain_novel,y_ctxb,0.0
xgb_delta,xgb,delta,strain_novel,y_mtt,0.006068024284824977
xgb_delta,xgb,delta,strain_novel,prot_mean_y,0.008875178458424986
xgb_delta,xgb,delta,strain_novel,prot_sd_y,0.0032688199654527313
xgb_delta,xgb,delta,strain_novel,prot_detect,0.012274063252063084
xgb_delta,xgb,delta,strain_novel,prot_mean_d,0.002499503108425168
xgb_delta,xgb,delta,strain_novel,prot_sd_d,0.0057570643594026735
xgb_delta,xgb,delta,strain_novel,prot_mean_absd,0.003750012734849532
xgb_delta,xgb,delta,strain_novel,pert_time_num,0.004142884815613491
xgb_delta,xgb,delta,strain_novel,temperature_num,0.0011420411555680295
xgb_delta,xgb,delta,strain_novel,well_row,0.005459761951806084
xgb_delta,xgb,delta,strain_novel,well_col,0.027592631883945333
xgb_delta,xgb,delta,strain_novel,ctrl_median,0.016825460686909127
xgb_delta,xgb,delta,strain_novel,ctrl_detect,0.008817568672758076
xgb_delta,xgb,delta,strain_novel,has_drug_prior,0.0
xgb_delta,xgb,delta,strain_novel,has_strain_prior,0.0
xgb_delta,xgb,delta,strain_novel,data_source,0.00048637385511772816
xgb_delta,xgb,delta,strain_novel,instrument,0.0019705134695524322
xgb_delta,xgb,delta,strain_novel,Strains,0.0
xgb_delta,xgb,delta,strain_novel,Medium,0.0008614493808039378
xgb_delta,xgb,delta,strain_novel,perturbation_no_concentration,0.0728849388830673
xgb_delta,xgb,delta,strain_novel,Yeast_cell_plate,0.23229000142689832
xgb_delta,xgb,delta,strain_novel,pert_id,0.028933524081370014
cat_delta,cat,delta,strain_novel,c_ctrl,0.013360969027375914
cat_delta,cat,delta,strain_novel,c_ctrl_centered,0.011315896021552228
cat_delta,cat,delta,strain_novel,d_ctx,0.0
cat_delta,cat,delta,strain_novel,d_ctxb,0.0
cat_delta,cat,delta,strain_novel,d_strain,0.0
cat_delta,cat,delta,strain_novel,d_drug,0.21493564371993565
cat_delta,cat,delta,strain_novel,d_drug_time,0.025008107582476933
cat_delta,cat,delta,strain_novel,d_drug_strain,0.0
cat_delta,cat,delta,strain_novel,d_batch,0.01391703739212074
cat_delta,cat,delta,strain_novel,d_batch_time,0.0015828996925850935
cat_delta,cat,delta,strain_novel,d_plate,0.18726847642300248
cat_delta,cat,delta,strain_novel,d_instr,0.001989433697327394
cat_delta,cat,delta,strain_novel,d_time,0.0014950842742687816
cat_delta,cat,delta,strain_novel,d_mtt,0.0027174002523292096
cat_delta,cat,delta,strain_novel,y_ctxb,0.0
cat_delta,cat,delta,strain_novel,y_mtt,0.006875571644092837
cat_delta,cat,delta,strain_novel,prot_mean_y,0.017206348536231104
cat_delta,cat,delta,strain_novel,prot_sd_y,0.0031964018875884383
cat_delta,cat,delta,strain_novel,prot_detect,0.014839711520563934
cat_delta,cat,delta,strain_novel,prot_mean_d,0.0028620512644706173
cat_delta,cat,delta,strain_novel,prot_sd_d,0.005517514796003946
cat_delta,cat,delta,strain_novel,prot_mean_absd,0.002260725903022546
cat_delta,cat,delta,strain_novel,pert_time_num,0.010610210449478408
cat_delta,cat,delta,strain_novel,temperature_num,0.002013281543105858
cat_delta,cat,delta,strain_novel,well_row,0.010820047111226335
cat_delta,cat,delta,strain_novel,well_col,0.0876590228226068
cat_delta,cat,delta,strain_novel,ctrl_median,0.04280459539356125
cat_delta,cat,delta,strain_novel,ctrl_detect,0.013612614005874898
cat_delta,cat,delta,strain_novel,has_drug_prior,0.0
cat_delta,cat,delta,strain_novel,has_strain_prior,0.0
cat_delta,cat,delta,strain_novel,data_source,0.02139735289474665
cat_delta,cat,delta,strain_novel,instrument,0.0037796591803818235
cat_delta,cat,delta,strain_novel,Strains,0.0
cat_delta,cat,delta,strain_novel,Medium,0.003972089398436016
cat_delta,cat,delta,strain_novel,perturbation_no_concentration,0.0992954380170298
cat_delta,cat,delta,strain_novel,Yeast_cell_plate,0.12330801678718366
cat_delta,cat,delta,strain_novel,pert_id,0.05437839876142053
lgb_abs,lgb,abs,strain_novel,c_ctrl,0.8186038489641286
lgb_abs,lgb,abs,strain_novel,c_ctrl_centered,0.15728938571959813
lgb_abs,lgb,abs,strain_novel,d_ctx,0.0
lgb_abs,lgb,abs,strain_novel,d_ctxb,0.0
lgb_abs,lgb,abs,strain_novel,d_strain,0.0
lgb_abs,lgb,abs,strain_novel,d_drug,0.005260817290973154
lgb_abs,lgb,abs,strain_novel,d_drug_time,0.0009034735473200208
lgb_abs,lgb,abs,strain_novel,d_drug_strain,0.0
lgb_abs,lgb,abs,strain_novel,d_batch,6.893798614472799e-05
lgb_abs,lgb,abs,strain_novel,d_batch_time,1.61516795149469e-05
lgb_abs,lgb,abs,strain_novel,d_plate,0.003025770998292096
lgb_abs,lgb,abs,strain_novel,d_instr,3.407471269847723e-05
lgb_abs,lgb,abs,strain_novel,d_time,1.235614142725126e-05
lgb_abs,lgb,abs,strain_novel,d_mtt,4.092667781354313e-05
lgb_abs,lgb,abs,strain_novel,y_ctxb,0.0
lgb_abs,lgb,abs,strain_novel,y_mtt,0.003953857807336213
lgb_abs,lgb,abs,strain_novel,prot_mean_y,0.0027123984518448857
lgb_abs,lgb,abs,strain_novel,prot_sd_y,0.00015269132599536302
lgb_abs,lgb,abs,strain_novel,prot_detect,0.00010565297735520763
lgb_abs,lgb,abs,strain_novel,prot_mean_d,5.471528704884226e-05
lgb_abs,lgb,abs,strain_novel,prot_sd_d,0.00016948964933577337
lgb_abs,lgb,abs,strain_novel,prot_mean_absd,6.015699930736585e-05
lgb_abs,lgb,abs,strain_novel,pert_time_num,5.622806619131132e-05
lgb_abs,lgb,abs,strain_novel,temperature_num,1.4627644640996092e-05
lgb_abs,lgb,abs,strain_novel,well_row,0.00010270097614793741
lgb_abs,lgb,abs,strain_novel,well_col,0.00046362029018233447
lgb_abs,lgb,abs,strain_novel,ctrl_median,0.00013711323850446795
lgb_abs,lgb,abs,strain_novel,ctrl_detect,0.00013424789199364035
lgb_abs,lgb,abs,strain_novel,has_drug_prior,0.0
lgb_abs,lgb,abs,strain_novel,has_strain_prior,0.0
lgb_abs,lgb,abs,strain_novel,data_source,8.30097415174109e-06
lgb_abs,lgb,abs,strain_novel,instrument,4.071535771236076e-05
lgb_abs,lgb,abs,strain_novel,Strains,0.0
lgb_abs,lgb,abs,strain_novel,Medium,1.4892237804757207e-05
lgb_abs,lgb,abs,strain_novel,perturbation_no_concentration,0.0016649060995998157
lgb_abs,lgb,abs,strain_novel,Yeast_cell_plate,0.004207704400004301
lgb_abs,lgb,abs,strain_novel,pert_id,0.0006902366069316388
xgb_abs,xgb,abs,strain_novel,c_ctrl,0.5088416402049262
xgb_abs,xgb,abs,strain_novel,c_ctrl_centered,0.364328099424868
xgb_abs,xgb,abs,strain_novel,d_ctx,0.0
xgb_abs,xgb,abs,strain_novel,d_ctxb,0.0
xgb_abs,xgb,abs,strain_novel,d_strain,0.0
xgb_abs,xgb,abs,strain_novel,d_drug,0.005559083079677473
xgb_abs,xgb,abs,strain_novel,d_drug_time,0.000717012362255027
xgb_abs,xgb,abs,strain_novel,d_drug_strain,0.0
xgb_abs,xgb,abs,strain_novel,d_batch,8.223849767674657e-05
xgb_abs,xgb,abs,strain_novel,d_batch_time,2.413094942258866e-05
xgb_abs,xgb,abs,strain_novel,d_plate,0.0028290256942064282
xgb_abs,xgb,abs,strain_novel,d_instr,4.9114090404060734e-05
xgb_abs,xgb,abs,strain_novel,d_time,2.0365010648032663e-05
xgb_abs,xgb,abs,strain_novel,d_mtt,4.271370601209695e-05
xgb_abs,xgb,abs,strain_novel,y_ctxb,0.0
xgb_abs,xgb,abs,strain_novel,y_mtt,0.10859382072720362
xgb_abs,xgb,abs,strain_novel,prot_mean_y,0.00019442305642873733
xgb_abs,xgb,abs,strain_novel,prot_sd_y,0.00031641196460316606
xgb_abs,xgb,abs,strain_novel,prot_detect,0.00011914711717230722
xgb_abs,xgb,abs,strain_novel,prot_mean_d,6.18507732389943e-05
xgb_abs,xgb,abs,strain_novel,prot_sd_d,0.00017775316248463702
xgb_abs,xgb,abs,strain_novel,prot_mean_absd,8.126466757049659e-05
xgb_abs,xgb,abs,strain_novel,pert_time_num,7.86389823480041e-05
xgb_abs,xgb,abs,strain_novel,temperature_num,2.3581965820161826e-05
xgb_abs,xgb,abs,strain_novel,well_row,0.00011477254918773117
xgb_abs,xgb,abs,strain_novel,well_col,0.0004518031428550832
xgb_abs,xgb,abs,strain_novel,ctrl_median,0.00025041336948196217
xgb_abs,xgb,abs,strain_novel,ctrl_detect,0.0001409931707013193
xgb_abs,xgb,abs,strain_novel,has_drug_prior,0.0
xgb_abs,xgb,abs,strain_novel,has_strain_prior,0.0
xgb_abs,xgb,abs,strain_novel,data_source,1.2273678435996305e-05
xgb_abs,xgb,abs,strain_novel,instrument,3.107512441709029e-05
xgb_abs,xgb,abs,strain_novel,Strains,0.0
xgb_abs,xgb,abs,strain_novel,Medium,2.1407829293840257e-05
xgb_abs,xgb,abs,strain_novel,perturbation_no_concentration,0.0016475653890224912
xgb_abs,xgb,abs,strain_novel,Yeast_cell_plate,0.004615998777106422
xgb_abs,xgb,abs,strain_novel,pert_id,0.0005733815325313388
cat_abs,cat,abs,strain_novel,c_ctrl,0.5484069921129784
cat_abs,cat,abs,strain_novel,c_ctrl_centered,0.3125436679858991
cat_abs,cat,abs,strain_novel,d_ctx,0.0
cat_abs,cat,abs,strain_novel,d_ctxb,0.0
cat_abs,cat,abs,strain_novel,d_strain,0.0
cat_abs,cat,abs,strain_novel,d_drug,0.033401057637511326
cat_abs,cat,abs,strain_novel,d_drug_time,0.006950580619604663
cat_abs,cat,abs,strain_novel,d_drug_strain,0.0
cat_abs,cat,abs,strain_novel,d_batch,0.001080472224323626
cat_abs,cat,abs,strain_novel,d_batch_time,0.00016224478612583666
cat_abs,cat,abs,strain_novel,d_plate,0.017389612292019452
cat_abs,cat,abs,strain_novel,d_instr,0.00021984922625767992
cat_abs,cat,abs,strain_novel,d_time,3.8925752868185625e-05
cat_abs,cat,abs,strain_novel,d_mtt,9.273589753842128e-05
cat_abs,cat,abs,strain_novel,y_ctxb,0.0
cat_abs,cat,abs,strain_novel,y_mtt,0.028878835747156616
cat_abs,cat,abs,strain_novel,prot_mean_y,0.013068841515526002
cat_abs,cat,abs,strain_novel,prot_sd_y,0.001287988032104648
cat_abs,cat,abs,strain_novel,prot_detect,0.001348334244110692
cat_abs,cat,abs,strain_novel,prot_mean_d,0.0007330021894829573
cat_abs,cat,abs,strain_novel,prot_sd_d,0.0008956981908129465
cat_abs,cat,abs,strain_novel,prot_mean_absd,0.0006766220070409003
cat_abs,cat,abs,strain_novel,pert_time_num,0.0007501930427669116
cat_abs,cat,abs,strain_novel,temperature_num,0.00011823914638505889
cat_abs,cat,abs,strain_novel,well_row,0.0016342364984512307
cat_abs,cat,abs,strain_novel,well_col,0.005677470729670289
cat_abs,cat,abs,strain_novel,ctrl_median,0.00258053665939031
cat_abs,cat,abs,strain_novel,ctrl_detect,0.0010730367422873502
cat_abs,cat,abs,strain_novel,has_drug_prior,0.0
cat_abs,cat,abs,strain_novel,has_strain_prior,0.0
cat_abs,cat,abs,strain_novel,data_source,0.0006173888723312463
cat_abs,cat,abs,strain_novel,instrument,0.00044689428881179857
cat_abs,cat,abs,strain_novel,Strains,0.0
cat_abs,cat,abs,strain_novel,Medium,0.0005123235644733541
cat_abs,cat,abs,strain_novel,perturbation_no_concentration,0.0033009200904190574
cat_abs,cat,abs,strain_novel,Yeast_cell_plate,0.01152922082855485
cat_abs,cat,abs,strain_novel,pert_id,0.004584079075097284
lgb_delta,lgb,delta,both_novel,c_ctrl,0.00583536734307926
lgb_delta,lgb,delta,both_novel,c_ctrl_centered,0.009193845319197966
lgb_delta,lgb,delta,both_novel,d_ctx,0.0
lgb_delta,lgb,delta,both_novel,d_ctxb,0.0
lgb_delta,lgb,delta,both_novel,d_strain,0.0
lgb_delta,lgb,delta,both_novel,d_drug,0.0
lgb_delta,lgb,delta,both_novel,d_drug_time,0.0
lgb_delta,lgb,delta,both_novel,d_drug_strain,0.0
lgb_delta,lgb,delta,both_novel,d_batch,0.02455799012821182
lgb_delta,lgb,delta,both_novel,d_batch_time,0.0103022574448122
lgb_delta,lgb,delta,both_novel,d_plate,0.222772248316493
lgb_delta,lgb,delta,both_novel,d_instr,0.0079965838061805
lgb_delta,lgb,delta,both_novel,d_time,0.002548308428963511
lgb_delta,lgb,delta,both_novel,d_mtt,0.013681063005392407
lgb_delta,lgb,delta,both_novel,y_ctxb,0.0
lgb_delta,lgb,delta,both_novel,y_mtt,0.008315187761923628
lgb_delta,lgb,delta,both_novel,prot_mean_y,0.013232255394488178
lgb_delta,lgb,delta,both_novel,prot_sd_y,0.003966475594234618
lgb_delta,lgb,delta,both_novel,prot_detect,0.017886241659289585
lgb_delta,lgb,delta,both_novel,prot_mean_d,0.00408471321006425
lgb_delta,lgb,delta,both_novel,prot_sd_d,0.00824476857186021
lgb_delta,lgb,delta,both_novel,prot_mean_absd,0.005454335428058798
lgb_delta,lgb,delta,both_novel,pert_time_num,0.00918266403707755
lgb_delta,lgb,delta,both_novel,temperature_num,0.002587653315620042
lgb_delta,lgb,delta,both_novel,well_row,0.034905344772597
lgb_delta,lgb,delta,both_novel,well_col,0.06723173881440161
lgb_delta,lgb,delta,both_novel,ctrl_median,0.04172449405559465
lgb_delta,lgb,delta,both_novel,ctrl_detect,0.015518950790204444
lgb_delta,lgb,delta,both_novel,has_drug_prior,0.0
lgb_delta,lgb,delta,both_novel,has_strain_prior,0.0
lgb_delta,lgb,delta,both_novel,data_source,0.007825201674402411
lgb_delta,lgb,delta,both_novel,instrument,0.006514307110828203
lgb_delta,lgb,delta,both_novel,Strains,0.0
lgb_delta,lgb,delta,both_novel,Medium,0.0019090494229720616
lgb_delta,lgb,delta,both_novel,perturbation_no_concentration,0.0
lgb_delta,lgb,delta,both_novel,Yeast_cell_plate,0.18423887214408322
lgb_delta,lgb,delta,both_novel,pert_id,0.2702900824499689
xgb_delta,xgb,delta,both_novel,c_ctrl,0.007615980821191425
xgb_delta,xgb,delta,both_novel,c_ctrl_centered,0.009439861759025649
xgb_delta,xgb,delta,both_novel,d_ctx,0.0
xgb_delta,xgb,delta,both_novel,d_ctxb,0.0
xgb_delta,xgb,delta,both_novel,d_strain,0.0
xgb_delta,xgb,delta,both_novel,d_drug,0.0
xgb_delta,xgb,delta,both_novel,d_drug_time,0.0
xgb_delta,xgb,delta,both_novel,d_drug_strain,0.0
xgb_delta,xgb,delta,both_novel,d_batch,0.026163635656499352
xgb_delta,xgb,delta,both_novel,d_batch_time,0.02365546317586836
xgb_delta,xgb,delta,both_novel,d_plate,0.20688014634252014
xgb_delta,xgb,delta,both_novel,d_instr,0.008163681574575291
xgb_delta,xgb,delta,both_novel,d_time,0.005238825252171021
xgb_delta,xgb,delta,both_novel,d_mtt,0.012155026757534697
xgb_delta,xgb,delta,both_novel,y_ctxb,0.0
xgb_delta,xgb,delta,both_novel,y_mtt,0.009753599645274334
xgb_delta,xgb,delta,both_novel,prot_mean_y,0.013324302175384039
xgb_delta,xgb,delta,both_novel,prot_sd_y,0.004213100169751335
xgb_delta,xgb,delta,both_novel,prot_detect,0.015626739613065592
xgb_delta,xgb,delta,both_novel,prot_mean_d,0.004676906851338001
xgb_delta,xgb,delta,both_novel,prot_sd_d,0.009109273202707314
xgb_delta,xgb,delta,both_novel,prot_mean_absd,0.005859724793443767
xgb_delta,xgb,delta,both_novel,pert_time_num,0.007896035921592187
xgb_delta,xgb,delta,both_novel,temperature_num,0.002734201912296817
xgb_delta,xgb,delta,both_novel,well_row,0.06528894841788695
xgb_delta,xgb,delta,both_novel,well_col,0.09869407435575211
xgb_delta,xgb,delta,both_novel,ctrl_median,0.03279041889133648
xgb_delta,xgb,delta,both_novel,ctrl_detect,0.021165347394245936
xgb_delta,xgb,delta,both_novel,has_drug_prior,0.0
xgb_delta,xgb,delta,both_novel,has_strain_prior,0.0
xgb_delta,xgb,delta,both_novel,data_source,0.009819104727572105
xgb_delta,xgb,delta,both_novel,instrument,0.0059123987398837
xgb_delta,xgb,delta,both_novel,Strains,0.0
xgb_delta,xgb,delta,both_novel,Medium,0.002034563651252309
xgb_delta,xgb,delta,both_novel,perturbation_no_concentration,0.0
xgb_delta,xgb,delta,both_novel,Yeast_cell_plate,0.1821512296998186
xgb_delta,xgb,delta,both_novel,pert_id,0.2096374084980125
cat_delta,cat,delta,both_novel,c_ctrl,0.012227798410307585
cat_delta,cat,delta,both_novel,c_ctrl_centered,0.014302145270035762
cat_delta,cat,delta,both_novel,d_ctx,0.0
cat_delta,cat,delta,both_novel,d_ctxb,0.0
cat_delta,cat,delta,both_novel,d_strain,0.0
cat_delta,cat,delta,both_novel,d_drug,0.0
cat_delta,cat,delta,both_novel,d_drug_time,0.0
cat_delta,cat,delta,both_novel,d_drug_strain,0.0
cat_delta,cat,delta,both_novel,d_batch,0.03644045751134947
cat_delta,cat,delta,both_novel,d_batch_time,0.009226598830119174
cat_delta,cat,delta,both_novel,d_plate,0.2331511547454773
cat_delta,cat,delta,both_novel,d_instr,0.005928057341614758
cat_delta,cat,delta,both_novel,d_time,0.001014348328449176
cat_delta,cat,delta,both_novel,d_mtt,0.011326283678318798
cat_delta,cat,delta,both_novel,y_ctxb,0.0
cat_delta,cat,delta,both_novel,y_mtt,0.008615475959288403
cat_delta,cat,delta,both_novel,prot_mean_y,0.021817507496113456
cat_delta,cat,delta,both_novel,prot_sd_y,0.0033828930942790365
cat_delta,cat,delta,both_novel,prot_detect,0.021861438927222292
cat_delta,cat,delta,both_novel,prot_mean_d,0.002494682791909815
cat_delta,cat,delta,both_novel,prot_sd_d,0.009104570660908279
cat_delta,cat,delta,both_novel,prot_mean_absd,0.006437016521634915
cat_delta,cat,delta,both_novel,pert_time_num,0.0032020128960437233
cat_delta,cat,delta,both_novel,temperature_num,0.001189264257570138
cat_delta,cat,delta,both_novel,well_row,0.021489722369501925
cat_delta,cat,delta,both_novel,well_col,0.07906285411844893
cat_delta,cat,delta,both_novel,ctrl_median,0.01717733280470216
cat_delta,cat,delta,both_novel,ctrl_detect,0.010828458101211472
cat_delta,cat,delta,both_novel,has_drug_prior,0.0
cat_delta,cat,delta,both_novel,has_strain_prior,0.0
cat_delta,cat,delta,both_novel,data_source,0.03315150586637187
cat_delta,cat,delta,both_novel,instrument,0.003575181495890883
cat_delta,cat,delta,both_novel,Strains,0.0
cat_delta,cat,delta,both_novel,Medium,0.0013682469248647447
cat_delta,cat,delta,both_novel,perturbation_no_concentration,0.0
cat_delta,cat,delta,both_novel,Yeast_cell_plate,0.17662328926478707
cat_delta,cat,delta,both_novel,pert_id,0.25500170233357894
lgb_abs,lgb,abs,both_novel,c_ctrl,0.2739959793805071
lgb_abs,lgb,abs,both_novel,c_ctrl_centered,0.5262583949010015
lgb_abs,lgb,abs,both_novel,d_ctx,0.0
lgb_abs,lgb,abs,both_novel,d_ctxb,0.0
lgb_abs,lgb,abs,both_novel,d_strain,0.0
lgb_abs,lgb,abs,both_novel,d_drug,0.0
lgb_abs,lgb,abs,both_novel,d_drug_time,0.0
lgb_abs,lgb,abs,both_novel,d_drug_strain,0.0
lgb_abs,lgb,abs,both_novel,d_batch,0.0003629322181909299
lgb_abs,lgb,abs,both_novel,d_batch_time,0.00014966513932340923
lgb_abs,lgb,abs,both_novel,d_plate,0.002848302328677347
lgb_abs,lgb,abs,both_novel,d_instr,0.00015653258912931358
lgb_abs,lgb,abs,both_novel,d_time,0.000129900047808675
lgb_abs,lgb,abs,both_novel,d_mtt,0.00011005785672596034
lgb_abs,lgb,abs,both_novel,y_ctxb,0.0
lgb_abs,lgb,abs,both_novel,y_mtt,0.050827353380469745
lgb_abs,lgb,abs,both_novel,prot_mean_y,0.0557740313847766
lgb_abs,lgb,abs,both_novel,prot_sd_y,0.0003370027672553461
lgb_abs,lgb,abs,both_novel,prot_detect,0.07503917167135375
lgb_abs,lgb,abs,both_novel,prot_mean_d,0.00011118323825947206
lgb_abs,lgb,abs,both_novel,prot_sd_d,0.002664530033474349
lgb_abs,lgb,abs,both_novel,prot_mean_absd,9.963231722890217e-05
lgb_abs,lgb,abs,both_novel,pert_time_num,8.134403072539929e-05
lgb_abs,lgb,abs,both_novel,temperature_num,2.7815829265002282e-05
lgb_abs,lgb,abs,both_novel,well_row,0.0004777131236598051
lgb_abs,lgb,abs,both_novel,well_col,0.0009310305625134727
lgb_abs,lgb,abs,both_novel,ctrl_median,0.00041781763773870127
lgb_abs,lgb,abs,both_novel,ctrl_detect,0.00019618048150326275
lgb_abs,lgb,abs,both_novel,has_drug_prior,0.0
lgb_abs,lgb,abs,both_novel,has_strain_prior,0.0
lgb_abs,lgb,abs,both_novel,data_source,0.0001336184942284557
lgb_abs,lgb,abs,both_novel,instrument,0.00027126701172573356
lgb_abs,lgb,abs,both_novel,Strains,0.0
lgb_abs,lgb,abs,both_novel,Medium,2.6660515049890204e-05
lgb_abs,lgb,abs,both_novel,perturbation_no_concentration,0.0
lgb_abs,lgb,abs,both_novel,Yeast_cell_plate,0.0036220431982650013
lgb_abs,lgb,abs,both_novel,pert_id,0.00494983986114291
xgb_abs,xgb,abs,both_novel,c_ctrl,0.31262566614042187
xgb_abs,xgb,abs,both_novel,c_ctrl_centered,0.4869183426693323
xgb_abs,xgb,abs,both_novel,d_ctx,0.0
xgb_abs,xgb,abs,both_novel,d_ctxb,0.0
xgb_abs,xgb,abs,both_novel,d_strain,0.0
xgb_abs,xgb,abs,both_novel,d_drug,0.0
xgb_abs,xgb,abs,both_novel,d_drug_time,0.0
xgb_abs,xgb,abs,both_novel,d_drug_strain,0.0
xgb_abs,xgb,abs,both_novel,d_batch,0.0003870789673294528
xgb_abs,xgb,abs,both_novel,d_batch_time,9.660085820133617e-05
xgb_abs,xgb,abs,both_novel,d_plate,0.0027893691375544994
xgb_abs,xgb,abs,both_novel,d_instr,0.0001068022163345048
xgb_abs,xgb,abs,both_novel,d_time,4.228212049418633e-05
xgb_abs,xgb,abs,both_novel,d_mtt,7.023367394269227e-05
xgb_abs,xgb,abs,both_novel,y_ctxb,0.0
xgb_abs,xgb,abs,both_novel,y_mtt,0.0968739013629859
xgb_abs,xgb,abs,both_novel,prot_mean_y,0.08569689163499444
xgb_abs,xgb,abs,both_novel,prot_sd_y,0.0004408391357932603
xgb_abs,xgb,abs,both_novel,prot_detect,0.0023729226075902598
xgb_abs,xgb,abs,both_novel,prot_mean_d,0.00013531840897082663
xgb_abs,xgb,abs,both_novel,prot_sd_d,0.00021062790001116714
xgb_abs,xgb,abs,both_novel,prot_mean_absd,0.00012111116996836521
xgb_abs,xgb,abs,both_novel,pert_time_num,8.096942144391405e-05
xgb_abs,xgb,abs,both_novel,temperature_num,2.0193018976314804e-05
xgb_abs,xgb,abs,both_novel,well_row,0.000610218393977664
xgb_abs,xgb,abs,both_novel,well_col,0.0009329666429114876
xgb_abs,xgb,abs,both_novel,ctrl_median,0.0004805645453794077
xgb_abs,xgb,abs,both_novel,ctrl_detect,0.00019994749855302792
xgb_abs,xgb,abs,both_novel,has_drug_prior,0.0
xgb_abs,xgb,abs,both_novel,has_strain_prior,0.0
xgb_abs,xgb,abs,both_novel,data_source,0.00020713699984524885
xgb_abs,xgb,abs,both_novel,instrument,5.207813242050128e-05
xgb_abs,xgb,abs,both_novel,Strains,0.0
xgb_abs,xgb,abs,both_novel,Medium,3.418513838875299e-05
xgb_abs,xgb,abs,both_novel,perturbation_no_concentration,0.0
xgb_abs,xgb,abs,both_novel,Yeast_cell_plate,0.003778634549907018
xgb_abs,xgb,abs,both_novel,pert_id,0.004715117654271594
cat_abs,cat,abs,both_novel,c_ctrl,0.3775787941400517
cat_abs,cat,abs,both_novel,c_ctrl_centered,0.37792916390055253
cat_abs,cat,abs,both_novel,d_ctx,0.0
cat_abs,cat,abs,both_novel,d_ctxb,0.0
cat_abs,cat,abs,both_novel,d_strain,0.0
cat_abs,cat,abs,both_novel,d_drug,0.0
cat_abs,cat,abs,both_novel,d_drug_time,0.0
cat_abs,cat,abs,both_novel,d_drug_strain,0.0
cat_abs,cat,abs,both_novel,d_batch,0.001952548461037108
cat_abs,cat,abs,both_novel,d_batch_time,0.0009507015735769515
cat_abs,cat,abs,both_novel,d_plate,0.015067743947458995
cat_abs,cat,abs,both_novel,d_instr,0.00015325373323605106
cat_abs,cat,abs,both_novel,d_time,0.0001235603049084833
cat_abs,cat,abs,both_novel,d_mtt,0.00014622576423196828
cat_abs,cat,abs,both_novel,y_ctxb,0.0
cat_abs,cat,abs,both_novel,y_mtt,0.10572415268791728
cat_abs,cat,abs,both_novel,prot_mean_y,0.07440982118351581
cat_abs,cat,abs,both_novel,prot_sd_y,0.0014961888213988212
cat_abs,cat,abs,both_novel,prot_detect,0.004883890110841952
cat_abs,cat,abs,both_novel,prot_mean_d,0.0008820936618891643
cat_abs,cat,abs,both_novel,prot_sd_d,0.0006515276822761975
cat_abs,cat,abs,both_novel,prot_mean_absd,0.0010209044338561615
cat_abs,cat,abs,both_novel,pert_time_num,0.0002110246083168546
cat_abs,cat,abs,both_novel,temperature_num,9.34517197679415e-05
cat_abs,cat,abs,both_novel,well_row,0.003599673806174143
cat_abs,cat,abs,both_novel,well_col,0.006983874400685161
cat_abs,cat,abs,both_novel,ctrl_median,0.0022515685314094844
cat_abs,cat,abs,both_novel,ctrl_detect,0.0002505581871005081
cat_abs,cat,abs,both_novel,has_drug_prior,0.0
cat_abs,cat,abs,both_novel,has_strain_prior,0.0
cat_abs,cat,abs,both_novel,data_source,0.0045783095098598835
cat_abs,cat,abs,both_novel,instrument,0.00014445987067709197
cat_abs,cat,abs,both_novel,Strains,0.0
cat_abs,cat,abs,both_novel,Medium,5.128107269835939e-05
cat_abs,cat,abs,both_novel,perturbation_no_concentration,0.0
cat_abs,cat,abs,both_novel,Yeast_cell_plate,0.006604223433998247
cat_abs,cat,abs,both_novel,pert_id,0.012261004452563
