model,n_rounds,total_score,m1_abundance,m2_fold_change,m3_s1_chem,m3_s2_strain,m3_s3_both,m3_time,m4_dep
lgb_delta,25,0.3851066924986187,0.7973146158529772,0.28406737425501805,0.32592955315351035,0.23370831533806424,0.15369047160160831,0.4678803810302874,0.23241618868717936
xgb_delta,25,0.40883134070116356,0.8253494724073205,0.31001981677954593,0.3783637229418493,0.22894751217631382,0.15953152280247732,0.4632790711014372,0.2730743061196928
cat_delta,25,0.385528209366628,0.8055988470417741,0.29532157394661274,0.39272069637766027,0.1824361843963746,0.14749012413670254,0.4219889279177054,0.14145435428185238
lgb_abs,25,0.19312844780438346,0.653917045435112,0.08964605166183263,0.05641555749353587,0.0943910062137501,0.03656437908189497,0.10101393528055067,0.05786594684646867
xgb_abs,25,0.17042800295992083,0.5097549134475596,0.09901779392543861,0.06158023897210321,0.1064640016778287,0.037558731162972626,0.10324987132675068,0.06146587069153429
cat_abs,25,0.18173720976417573,0.6595847314016039,0.07017460308600056,0.04023636108117057,0.0838209042784778,0.03474700598945929,0.06028810097223706,0.054268085846806695
ens_delta,25,0.4038859906553698,0.8175592573579337,0.30516564710343363,0.3752079885365142,0.22305953516681737,0.15614484343131171,0.45868662864753507,0.2737529812663191
ens_abs,25,0.1864237611346092,0.630283042979228,0.08663523345597157,0.052916980878501926,0.09520962150042916,0.03651471239358138,0.08809265297311825,0.05705310861298949
ens_all,25,0.256836201300655,0.7521243443172502,0.14274376641682443,0.1320896160182997,0.1418475886035608,0.06067655592817351,0.17529523846174827,0.08278720378261273
lgb_delta,50,0.38622415648139996,0.7781398530406918,0.28940183553533755,0.33177244318188004,0.23775365270975618,0.15046611271845262,0.49812925132324815,0.23821479218029848
xgb_delta,50,0.41133628370759256,0.8184705245615679,0.31440694996875856,0.3861309406740747,0.23322470257330183,0.15247229492713132,0.4973172105301185,0.25359674761503004
cat_delta,50,0.3695804282053603,0.7221883485796141,0.28664413152014834,0.38868788909007174,0.18749469480224704,0.12437914888750369,0.4631022510717072,0.17742277665952183
lgb_abs,50,0.3208276764367705,0.6691091640112139,0.24309870007217646,0.25509655114156854,0.21643708204528592,0.1329405099069303,0.33260303230557453,0.17294529736974948
xgb_abs,50,0.29811563471190977,0.5089319208205383,0.25743570290027246,0.26292734697002174,0.23228433440259616,0.13941225253778217,0.34700420071074045,0.17214331771568578
cat_abs,50,0.2681888132640069,0.6638856735333152,0.18535441216479026,0.17953773481186455,0.16515915490951655,0.10476562396564272,0.22355522204894365,0.07435310542281533
ens_delta,50,0.401593039179777,0.796896343341629,0.3064546753415749,0.38124205015745105,0.22715132013088468,0.14294959316426223,0.49304009261105786,0.24243886659248656
ens_abs,50,0.3051764735010026,0.6448694771754098,0.2345790582555473,0.23599952953975417,0.2123085887624412,0.12637875827705072,0.3082203961239192,0.12332464243092565
ens_all,50,0.3880322861887056,0.8083514021478871,0.2952436117022391,0.3280256820392913,0.241320893766942,0.16097292568686628,0.41729146602653094,0.1953713617330371
lgb_delta,100,0.39088485325653105,0.7658135997321096,0.2997623043250923,0.33075096827327355,0.25312331940793004,0.1597443619374467,0.5163042477980746,0.24408538411638223
xgb_delta,100,0.414583021112333,0.8127226895216884,0.3221387782687992,0.3740171250256095,0.2504347831532593,0.16130629936764618,0.516647308899002,0.25431453183378616
cat_delta,100,0.31875710465353724,0.5984132750731007,0.26158107054832386,0.29469730218879736,0.19724766477121636,0.07952921821809919,0.48565709722299455,0.14061745675557275
lgb_abs,100,0.38719901210007873,0.6698311399870562,0.3231963864147754,0.37065318740658704,0.26655515726541296,0.197526977804624,0.4720915960491871,0.2302217974376615
xgb_abs,100,0.36069114750090436,0.5052565069210663,0.3343150839167872,0.3741582141518931,0.27704283849189426,0.20371986742967774,0.4837979037954077,0.2288995209496501
cat_abs,100,0.31744107411588973,0.6453257343600036,0.2596160210892727,0.2477797133165752,0.20534520757647284,0.1516156423905576,0.3940174806441845,0.1113056328244823
ens_delta,100,0.38017355080726034,0.7223572533761384,0.29985089170650064,0.3474591171248713,0.24232339080111676,0.12542070723579277,0.5125038258517334,0.2177329793166703
ens_abs,100,0.3729062453493451,0.6428304577518065,0.3200112964827841,0.3456780140817916,0.26450879152294005,0.18873923333462136,0.46465675943011064,0.19260337838209451
ens_all,100,0.40481588145787056,0.7729824262690751,0.31986554178749654,0.3630932081191468,0.26119333335281375,0.17346681225957233,0.5009738196006581,0.23347341739555472
lgb_delta,200,0.39626632853854904,0.7543337023381043,0.30855503209510854,0.33397025803661107,0.2686705861754449,0.1727461832393683,0.5288341823805305,0.2530728584748978
xgb_delta,200,0.4204129590634615,0.8074806474502089,0.3316643187349617,0.3739674858993513,0.2645788566511394,0.1778811812577628,0.5295365237535117,0.2584119225803469
cat_delta,200,0.28521920873001094,0.5354620678445576,0.24916935890052672,0.21850964771233003,0.19626933678235695,0.06541000827988194,0.4587659030580981,0.13339725940262642
lgb_abs,200,0.3932351738427824,0.6687187897568401,0.32983982553963903,0.37484405725166425,0.27351104416887906,0.2006897769637229,0.5046711693196473,0.24184783816454897
xgb_abs,200,0.3664405746180461,0.504687444059986,0.34060682678647314,0.3784267968309498,0.2845027936745298,0.20470778932176192,0.5093773706526097,0.2412240601923208
cat_abs,200,0.29673125615383233,0.5897236700077508,0.24725523124774107,0.19984488742996753,0.2114586529063051,0.1315875837494192,0.4430142958915095,0.11963824582091738
ens_delta,200,0.35864689971769653,0.6485635985369291,0.29531281734886045,0.31518655114738625,0.25370587986680093,0.12111962450574923,0.5164780402699439,0.1889521246294688
ens_abs,200,0.36860944469295615,0.6313216994858608,0.3131147921026214,0.33125194191153384,0.27077515785683326,0.1791457463320051,0.4986072889561044,0.1954667010409935
ens_all,200,0.38017113912515416,0.6947822672314237,0.30945537780710214,0.33235179224489947,0.26723870629786894,0.15614045628296336,0.5165161967766854,0.20599817731115402
lgb_delta,400,0.40141340509937506,0.7500237070697215,0.31597497159364596,0.33770946737499147,0.2795771167288126,0.18221713846440107,0.5377924783869235,0.25914246247384487
xgb_delta,400,0.417605023231196,0.7835332589518074,0.33487589102521564,0.36524966644161455,0.2746932706041914,0.18808597378920444,0.5379025035776355,0.2578277481405484
cat_delta,400,0.27285158654938857,0.5095324277770805,0.2454919075188145,0.1856269404192355,0.2090793275603021,0.06390581310758903,0.41286917851890875,0.13584241874072756
lgb_abs,400,0.39550514442908674,0.6683340591109754,0.3320379547579794,0.373225774034587,0.2794415100555663,0.19811198351472914,0.5228120030290667,0.24498375544352474
xgb_abs,400,0.36555993411719784,0.5045992042045755,0.3395618765689232,0.36819036395807275,0.2887155029715825,0.20194755563419792,0.5236514209423051,0.24177003838591438
cat_abs,400,0.285432657331107,0.5483609408724667,0.25116370305193614,0.18586483170254875,0.20956625869597786,0.10625199142044559,0.4451054269146325,0.12630908794340776
ens_delta,400,0.3547543764117037,0.6417868130478753,0.29540541065135206,0.29486238765240913,0.26481118134617065,0.12229714155250003,0.5082666079521004,0.18165519728689328
ens_abs,400,0.36257205839114137,0.6224642223966518,0.31024400025459464,0.3161477998041824,0.2731776414195979,0.1569417629479471,0.510056436604855,0.18606431251532302
ens_all,400,0.3655907830511457,0.6472134628152999,0.30675633274852077,0.3110695230466127,0.2731403103995763,0.143698258871593,0.5170529217850989,0.19158963157766176
lgb_delta,600,0.4028701435612267,0.7473600179333237,0.31829711430343843,0.33921604820065565,0.28269674633387193,0.18701054893406419,0.5422478389378944,0.2595676619639761
xgb_delta,600,0.41552832975710885,0.7667900393142668,0.3363485051300871,0.36394659671080626,0.2785518279199035,0.19164929179426682,0.5415190568493602,0.25850186506820827
cat_delta,600,0.26494019652846124,0.4972429331452883,0.24149938125457404,0.16609799776333778,0.2134535951017938,0.06088469109676698,0.3860821309156307,0.13716209824227776
lgb_abs,600,0.39592946933826595,0.6677967235579805,0.3319158855146942,0.37124476981478716,0.28221343190761305,0.19749235090201692,0.5290626889565586,0.24743521821175057
xgb_abs,600,0.3650148507235604,0.5040745538330581,0.33876866765007013,0.3635709617831274,0.2907140777902076,0.20171506565724714,0.5290475386677209,0.24225269827031554
cat_abs,600,0.2778869250828731,0.5342695105518087,0.24774778089737043,0.1673171472260855,0.21217491656456997,0.09888616004518352,0.43750780961502267,0.12755933014054777
ens_delta,600,0.3514088910647504,0.6388251351732919,0.29394715878176053,0.28185235583513557,0.2688536897740556,0.12141227509539708,0.5011450803172681,0.17775994884360774
ens_abs,600,0.35880099081205347,0.6186278405597417,0.3075199596062037,0.30448487013069725,0.27528628110038045,0.14995563558944813,0.5115117502608445,0.18335666519647917
ens_all,600,0.36189385517618966,0.6438165165178358,0.30456960248860315,0.298179274007439,0.27605620663027264,0.13986687891173752,0.5157467234468154,0.1872075001000345
